queue,fold,candidate,pL0,pT,pG,pS,trainNll,trainNllPerResponse
first_tag_2000u,0,0,0.1,0.05,0.1,0.05,76311.6784194187,0.916139577888984
first_tag_2000u,0,1,0.1,0.05,0.1,0.1,76260.89441633034,0.9155299040341229
first_tag_2000u,0,2,0.1,0.05,0.1,0.2,77220.32072148139,0.927048041603916
first_tag_2000u,0,3,0.1,0.05,0.25,0.05,63021.88536048791,0.7565924986552687
first_tag_2000u,0,4,0.1,0.05,0.25,0.1,63157.15921564242,0.7582164929786478
first_tag_2000u,0,5,0.1,0.05,0.25,0.2,63876.59982481919,0.7668535460439054
first_tag_2000u,0,6,0.1,0.05,0.4,0.05,57651.792112102696,0.6921232710914282
first_tag_2000u,0,7,0.1,0.05,0.4,0.1,57719.02320142634,0.6929303960698024
first_tag_2000u,0,8,0.1,0.05,0.4,0.2,58061.62154093515,0.6970433694002803
first_tag_2000u,0,9,0.1,0.1,0.1,0.05,75126.59386304903,0.9019123601456118
first_tag_2000u,0,10,0.1,0.1,0.1,0.1,75044.1115006995,0.9009221400614608
first_tag_2000u,0,11,0.1,0.1,0.1,0.2,75983.00624729393,0.912193791460604
first_tag_2000u,0,12,0.1,0.1,0.25,0.05,62526.05187912499,0.7506399015465742
first_tag_2000u,0,13,0.1,0.1,0.25,0.1,62603.72010452407,0.7515723267887687
first_tag_2000u,0,14,0.1,0.1,0.25,0.2,63256.186522756594,0.7594053390008835
first_tag_2000u,0,15,0.1,0.1,0.4,0.05,57616.81875385088,0.6917034077319817
first_tag_2000u,0,16,0.1,0.1,0.4,0.1,57620.47812606231,0.6917473393527055
first_tag_2000u,0,17,0.1,0.1,0.4,0.2,57881.69019397902,0.6948832514253697
first_tag_2000u,0,18,0.1,0.2,0.1,0.05,74173.08391504534,0.8904652498294697
first_tag_2000u,0,19,0.1,0.2,0.1,0.1,73918.88525190405,0.88741353532425
first_tag_2000u,0,20,0.1,0.2,0.1,0.2,74641.96819845891,0.8960943155030663
first_tag_2000u,0,21,0.1,0.2,0.25,0.05,62350.627314148966,0.7485338885451933
first_tag_2000u,0,22,0.1,0.2,0.25,0.1,62239.76278032972,0.7472029338431122
first_tag_2000u,0,23,0.1,0.2,0.25,0.2,62640.956831296644,0.7520193624175738
first_tag_2000u,0,24,0.1,0.2,0.4,0.05,58055.56475566753,0.6969706562741459
first_tag_2000u,0,25,0.1,0.2,0.4,0.1,57868.241836641515,0.6947218007448229
first_tag_2000u,0,26,0.1,0.2,0.4,0.2,57861.52047235666,0.6946411091918876
first_tag_2000u,0,27,0.3,0.05,0.1,0.05,64985.36032784492,0.7801644756455205
first_tag_2000u,0,28,0.3,0.05,0.1,0.1,64160.52004814914,0.770262074842421
first_tag_2000u,0,29,0.3,0.05,0.1,0.2,64184.79188355924,0.770553463912977
first_tag_2000u,0,30,0.3,0.05,0.25,0.05,58764.30748844141,0.7054792788268655
first_tag_2000u,0,31,0.3,0.05,0.25,0.1,58410.29957417288,0.7012293308783375
first_tag_2000u,0,32,0.3,0.05,0.25,0.2,58602.21716717894,0.703533346545241
first_tag_2000u,0,33,0.3,0.05,0.4,0.05,57393.121542269466,0.6890178702986838
first_tag_2000u,0,34,0.3,0.05,0.4,0.1,57033.165294266604,0.6846965112100869
first_tag_2000u,0,35,0.3,0.05,0.4,0.2,56859.07599251855,0.6826065283565861
first_tag_2000u,0,36,0.3,0.1,0.1,0.05,64107.60495993736,0.769626816811378
first_tag_2000u,0,37,0.3,0.1,0.1,0.1,63337.48950169135,0.7603814003108317
first_tag_2000u,0,38,0.3,0.1,0.1,0.2,63453.5947693836,0.7617752712508685
first_tag_2000u,0,39,0.3,0.1,0.25,0.05,58532.23830913235,0.7026932339595946
first_tag_2000u,0,40,0.3,0.1,0.25,0.1,58164.247221650665,0.6982754147406349
first_tag_2000u,0,41,0.3,0.1,0.25,0.2,58334.31029900197,0.7003170618269802
first_tag_2000u,0,42,0.3,0.1,0.4,0.05,57542.16564267101,0.6908071796423763
first_tag_2000u,0,43,0.3,0.1,0.4,0.1,57131.02898870294,0.6858713877895115
first_tag_2000u,0,44,0.3,0.1,0.4,0.2,56873.67486189001,0.6827817912036449
first_tag_2000u,0,45,0.3,0.2,0.1,0.05,63522.95274576952,0.7626079300067172
first_tag_2000u,0,46,0.3,0.2,0.1,0.1,62670.08834180196,0.7523690930261829
first_tag_2000u,0,47,0.3,0.2,0.1,0.2,62710.63339530745,0.7528558458924985
first_tag_2000u,0,48,0.3,0.2,0.25,0.05,58725.05498998419,0.705008043386727
first_tag_2000u,0,49,0.3,0.2,0.25,0.1,58214.66953460632,0.6988807464207153
first_tag_2000u,0,50,0.3,0.2,0.25,0.2,58187.06201819928,0.6985493117183005
first_tag_2000u,0,51,0.3,0.2,0.4,0.05,58243.304260121986,0.6992245130091358
first_tag_2000u,0,52,0.3,0.2,0.4,0.1,57648.2945088219,0.6920812815446162
first_tag_2000u,0,53,0.3,0.2,0.4,0.2,57112.70626998044,0.685651419258562
first_tag_2000u,0,54,0.5,0.05,0.1,0.05,62731.29761770412,0.753103924723629
first_tag_2000u,0,55,0.5,0.05,0.1,0.1,60751.32324338081,0.7293338684872301
first_tag_2000u,0,56,0.5,0.05,0.1,0.2,59188.72884504685,0.7105745566472603
first_tag_2000u,0,57,0.5,0.05,0.25,0.05,59686.622630447746,0.7165518881886231
first_tag_2000u,0,58,0.5,0.05,0.25,0.1,58338.113998137116,0.7003627261262364
first_tag_2000u,0,59,0.5,0.05,0.25,0.2,57132.01620239355,0.6858832395211538
first_tag_2000u,0,60,0.5,0.05,0.4,0.05,60486.24849231142,0.7261515839983603
first_tag_2000u,0,61,0.5,0.05,0.4,0.1,59144.35548817422,0.7100418441021191
first_tag_2000u,0,62,0.5,0.05,0.4,0.2,57562.59245834267,0.6910524083501527
first_tag_2000u,0,63,0.5,0.1,0.1,0.05,62054.85767779607,0.7449831047672314
first_tag_2000u,0,64,0.5,0.1,0.1,0.1,60183.76877357016,0.7225202441092736
first_tag_2000u,0,65,0.5,0.1,0.1,0.2,58753.43723707013,0.7053487789124474
first_tag_2000u,0,66,0.5,0.1,0.25,0.05,59589.26452670695,0.7153830813439493
first_tag_2000u,0,67,0.5,0.1,0.25,0.1,58254.52208826935,0.6993591856641818
first_tag_2000u,0,68,0.5,0.1,0.25,0.2,57046.014960820445,0.6848507744675132
first_tag_2000u,0,69,0.5,0.1,0.4,0.05,60727.249533179194,0.7290448579562192
first_tag_2000u,0,70,0.5,0.1,0.4,0.1,59345.18212990214,0.7124528149861596
first_tag_2000u,0,71,0.5,0.1,0.4,0.2,57680.11607727307,0.692463306929098
first_tag_2000u,0,72,0.5,0.2,0.1,0.05,61665.18360196274,0.740304976193173
first_tag_2000u,0,73,0.5,0.2,0.1,0.1,59783.481536924635,0.7177147020531908
first_tag_2000u,0,74,0.5,0.2,0.1,0.2,58355.73608917867,0.7005742834577315
first_tag_2000u,0,75,0.5,0.2,0.25,0.05,59944.569322227864,0.7196485986557483
first_tag_2000u,0,76,0.5,0.2,0.25,0.1,58505.31672593696,0.7023700340460876
first_tag_2000u,0,77,0.5,0.2,0.25,0.2,57135.43364945219,0.6859242667737396
first_tag_2000u,0,78,0.5,0.2,0.4,0.05,61550.27980393947,0.7389255291779953
first_tag_2000u,0,79,0.5,0.2,0.4,0.1,59997.157051927315,0.7202799266711564
first_tag_2000u,0,80,0.5,0.2,0.4,0.2,58054.198884873156,0.6969542586752603
first_tag_2000u,1,0,0.1,0.05,0.1,0.05,76100.34696998422,0.918697977545533
first_tag_2000u,1,1,0.1,0.05,0.1,0.1,76060.64375914675,0.9182186727729432
first_tag_2000u,1,2,0.1,0.05,0.1,0.2,77034.48276858736,0.9299750439860851
first_tag_2000u,1,3,0.1,0.05,0.25,0.05,62780.24693460471,0.7578951763699487
first_tag_2000u,1,4,0.1,0.05,0.25,0.1,62917.53166619897,0.759552503968117
first_tag_2000u,1,5,0.1,0.05,0.25,0.2,63644.24113576329,0.7683254799995568
first_tag_2000u,1,6,0.1,0.05,0.4,0.05,57349.605390658464,0.6923354305626663
first_tag_2000u,1,7,0.1,0.05,0.4,0.1,57418.49164457058,0.6931670386258294
first_tag_2000u,1,8,0.1,0.05,0.4,0.2,57766.78543537455,0.6973717080385652
first_tag_2000u,1,9,0.1,0.1,0.1,0.05,74901.90632776372,0.9042301723639007
first_tag_2000u,1,10,0.1,0.1,0.1,0.1,74833.89252289393,0.9034090966728308
first_tag_2000u,1,11,0.1,0.1,0.1,0.2,75788.55208031391,0.9149339298643557
first_tag_2000u,1,12,0.1,0.1,0.25,0.05,62267.16873189365,0.7517011979464435
first_tag_2000u,1,13,0.1,0.1,0.25,0.1,62350.61471372025,0.7527085738361834
first_tag_2000u,1,14,0.1,0.1,0.25,0.2,63014.56837010874,0.7607239496602733
first_tag_2000u,1,15,0.1,0.1,0.4,0.05,57296.46558808417,0.6916939166787489
first_tag_2000u,1,16,0.1,0.1,0.4,0.1,57303.79215763288,0.6917823644308913
first_tag_2000u,1,17,0.1,0.1,0.4,0.2,57574.67143220503,0.6950524709628181
first_tag_2000u,1,18,0.1,0.2,0.1,0.05,73918.86638274227,0.8923627256925487
first_tag_2000u,1,19,0.1,0.2,0.1,0.1,73683.06076054486,0.8895160350159336
first_tag_2000u,1,20,0.1,0.2,0.1,0.2,74424.33240393763,0.8984648084014925
first_tag_2000u,1,21,0.1,0.2,0.25,0.05,62059.47559237014,0.7491938865500107
first_tag_2000u,1,22,0.1,0.2,0.25,0.1,61960.86700160667,0.7480034647384157
first_tag_2000u,1,23,0.1,0.2,0.25,0.2,62380.001814447525,0.7530633405498585
first_tag_2000u,1,24,0.1,0.2,0.4,0.05,57701.771151899615,0.6965868431448012
first_tag_2000u,1,25,0.1,0.2,0.4,0.1,57522.8904097337,0.6944273605327905
first_tag_2000u,1,26,0.1,0.2,0.4,0.2,57533.60098736056,0.6945566606791882
first_tag_2000u,1,27,0.3,0.05,0.1,0.05,64701.14072869574,0.781084574499858
first_tag_2000u,1,28,0.3,0.05,0.1,0.1,63893.05612594079,0.7713292222604067
first_tag_2000u,1,29,0.3,0.05,0.1,0.2,63945.04201983952,0.771956805937581
first_tag_2000u,1,30,0.3,0.05,0.25,0.05,58460.881404692744,0.705750967642817
first_tag_2000u,1,31,0.3,0.05,0.25,0.1,58114.02541120889,0.7015636555949646
first_tag_2000u,1,32,0.3,0.05,0.25,0.2,58324.89787388784,0.7041093483900265
first_tag_2000u,1,33,0.3,0.05,0.4,0.05,57033.77402418726,0.6885226537597303
first_tag_2000u,1,34,0.3,0.05,0.4,0.1,56680.11004494593,0.6842531544026792
first_tag_2000u,1,35,0.3,0.05,0.4,0.2,56522.3004802414,0.6823480470844618
first_tag_2000u,1,36,0.3,0.1,0.1,0.05,63811.306330113686,0.7703423230532225
first_tag_2000u,1,37,0.3,0.1,0.1,0.1,63060.50904760692,0.7612785543261534
first_tag_2000u,1,38,0.3,0.1,0.1,0.2,63204.55142481901,0.763017461517704
first_tag_2000u,1,39,0.3,0.1,0.25,0.05,58211.79713795673,0.7027439746237307
first_tag_2000u,1,40,0.3,0.1,0.25,0.1,57855.00196527082,0.6984366748991467
first_tag_2000u,1,41,0.3,0.1,0.25,0.2,58047.80372748718,0.7007642147339552
first_tag_2000u,1,42,0.3,0.1,0.4,0.05,57164.39252394788,0.6900995053292434
first_tag_2000u,1,43,0.3,0.1,0.4,0.1,56762.12685260209,0.6852432770278516
first_tag_2000u,1,44,0.3,0.1,0.4,0.2,56525.67563480088,0.6823887925973426
first_tag_2000u,1,45,0.3,0.2,0.1,0.05,63198.361787657625,0.7629427390312986
first_tag_2000u,1,46,0.3,0.2,0.1,0.1,62368.88211889688,0.7529291014534543
first_tag_2000u,1,47,0.3,0.2,0.1,0.2,62439.4257190128,0.7537807173177135
first_tag_2000u,1,48,0.3,0.2,0.25,0.05,58372.46257796525,0.7046835586161073
first_tag_2000u,1,49,0.3,0.2,0.25,0.1,57879.89956768963,0.6987372435285765
first_tag_2000u,1,50,0.3,0.2,0.25,0.2,57881.0871170065,0.6987515798515905
first_tag_2000u,1,51,0.3,0.2,0.4,0.05,57831.4086562095,0.6981518519491701
first_tag_2000u,1,52,0.3,0.2,0.4,0.1,57250.703781498836,0.6911414713768194
first_tag_2000u,1,53,0.3,0.2,0.4,0.2,56744.40679955026,0.6850293571503623
first_tag_2000u,1,54,0.5,0.05,0.1,0.05,62360.214044417466,0.7528244587966133
first_tag_2000u,1,55,0.5,0.05,0.1,0.1,60406.33094996474,0.7292368075084775
first_tag_2000u,1,56,0.5,0.05,0.1,0.2,58887.006020195964,0.7108952256919897
first_tag_2000u,1,57,0.5,0.05,0.25,0.05,59301.64012339024,0.715900768073764
first_tag_2000u,1,58,0.5,0.05,0.25,0.1,57968.09309709566,0.6998019327228304
first_tag_2000u,1,59,0.5,0.05,0.25,0.2,56797.05031877961,0.6856648798065988
first_tag_2000u,1,60,0.5,0.05,0.4,0.05,60049.34393436939,0.7249271918195134
first_tag_2000u,1,61,0.5,0.05,0.4,0.1,58721.713168038004,0.7088997786930404
first_tag_2000u,1,62,0.5,0.05,0.4,0.2,57173.0448607557,0.6902039579978958
first_tag_2000u,1,63,0.5,0.1,0.1,0.05,61672.29546879276,0.7445197738732754
first_tag_2000u,1,64,0.5,0.1,0.1,0.1,59829.203716975484,0.7222696169128446
first_tag_2000u,1,65,0.5,0.1,0.1,0.2,58442.11221741799,0.7055243824158628
first_tag_2000u,1,66,0.5,0.1,0.25,0.05,59187.910646884964,0.7145278040307232
first_tag_2000u,1,67,0.5,0.1,0.25,0.1,57872.21445595399,0.6986444673864186
first_tag_2000u,1,68,0.5,0.1,0.25,0.2,56702.21640273549,0.6845200265918451
first_tag_2000u,1,69,0.5,0.1,0.4,0.05,60272.56101182846,0.7276219111707426
first_tag_2000u,1,70,0.5,0.1,0.4,0.1,58907.68856088696,0.711144909288187
first_tag_2000u,1,71,0.5,0.1,0.4,0.2,57280.548330117614,0.6915017604891364
first_tag_2000u,1,72,0.5,0.2,0.1,0.05,61255.82729237998,0.7394920902080037
first_tag_2000u,1,73,0.5,0.2,0.1,0.1,59405.99601819905,0.7171605724415893
first_tag_2000u,1,74,0.5,0.2,0.1,0.2,58023.57457346967,0.7004717157417718
first_tag_2000u,1,75,0.5,0.2,0.25,0.05,59512.07320184999,0.7184411565382989
first_tag_2000u,1,76,0.5,0.2,0.25,0.1,58098.5739159338,0.701377122181853
first_tag_2000u,1,77,0.5,0.2,0.25,0.2,56773.04771738699,0.6853751158011346
first_tag_2000u,1,78,0.5,0.2,0.4,0.05,61061.99102107569,0.7371520615811636
first_tag_2000u,1,79,0.5,0.2,0.4,0.1,59532.17386068412,0.7186838155451695
first_tag_2000u,1,80,0.5,0.2,0.4,0.2,57635.83095386833,0.6957908004330093
first_tag_2000u,2,0,0.1,0.05,0.1,0.05,75670.12645191561,0.9160366856150354
first_tag_2000u,2,1,0.1,0.05,0.1,0.1,75609.10921440423,0.9152980317943519
first_tag_2000u,2,2,0.1,0.05,0.1,0.2,76532.1064944159,0.9264715213715214
first_tag_2000u,2,3,0.1,0.05,0.25,0.05,62482.11351414707,0.7563871088558588
first_tag_2000u,2,4,0.1,0.05,0.25,0.1,62607.564734820226,0.7579057784521733
first_tag_2000u,2,5,0.1,0.05,0.25,0.2,63299.060266582004,0.7662767869958841
first_tag_2000u,2,6,0.1,0.05,0.4,0.05,57196.6794518413,0.6924034507401556
first_tag_2000u,2,7,0.1,0.05,0.4,0.1,57257.86455550627,0.6931441366911153
first_tag_2000u,2,8,0.1,0.05,0.4,0.2,57581.00356202599,0.6970559470501657
first_tag_2000u,2,9,0.1,0.1,0.1,0.05,74518.21417040615,0.9020920292763982
first_tag_2000u,2,10,0.1,0.1,0.1,0.1,74423.93851776308,0.9009507604503677
first_tag_2000u,2,11,0.1,0.1,0.1,0.2,75320.53327139316,0.911804630067951
first_tag_2000u,2,12,0.1,0.1,0.25,0.05,62010.171657092054,0.7506739420513286
first_tag_2000u,2,13,0.1,0.1,0.25,0.1,62077.35660599774,0.7514872600779331
first_tag_2000u,2,14,0.1,0.1,0.25,0.2,62699.623537769105,0.7590202108535591
first_tag_2000u,2,15,0.1,0.1,0.4,0.05,57178.7029929527,0.6921858338734801
first_tag_2000u,2,16,0.1,0.1,0.4,0.1,57175.632415013,0.6921486625065129
first_tag_2000u,2,17,0.1,0.1,0.4,0.2,57415.18911242354,0.695048654001205
first_tag_2000u,2,18,0.1,0.2,0.1,0.05,73608.16380003335,0.8910752705618641
first_tag_2000u,2,19,0.1,0.2,0.1,0.1,73340.22621374614,0.8878317097274548
first_tag_2000u,2,20,0.1,0.2,0.1,0.2,74012.35958989237,0.8959683266335662
first_tag_2000u,2,21,0.1,0.2,0.25,0.05,61870.70367688471,0.748985590355237
first_tag_2000u,2,22,0.1,0.2,0.25,0.1,61749.06244617194,0.7475130431950698
first_tag_2000u,2,23,0.1,0.2,0.25,0.2,62116.52344134574,0.7519614003988299
first_tag_2000u,2,24,0.1,0.2,0.4,0.05,57645.28672923137,0.6978341370993798
first_tag_2000u,2,25,0.1,0.2,0.4,0.1,57449.97533041486,0.6954697640657441
first_tag_2000u,2,26,0.1,0.2,0.4,0.2,57417.628183100634,0.6950781805571101
first_tag_2000u,2,27,0.3,0.05,0.1,0.05,64520.18496504148,0.7810593051962507
first_tag_2000u,2,28,0.3,0.05,0.1,0.1,63694.988848427085,0.7710697630732282
first_tag_2000u,2,29,0.3,0.05,0.1,0.2,63691.66083629989,0.771029475295982
first_tag_2000u,2,30,0.3,0.05,0.25,0.05,58339.65050581218,0.7062398676344597
first_tag_2000u,2,31,0.3,0.05,0.25,0.1,57979.05217627644,0.7018745875151495
first_tag_2000u,2,32,0.3,0.05,0.25,0.2,58144.47973595756,0.7038771970069675
first_tag_2000u,2,33,0.3,0.05,0.4,0.05,57007.14652572921,0.6901090299219089
first_tag_2000u,2,34,0.3,0.05,0.4,0.1,56641.91190918136,0.6856876244967843
first_tag_2000u,2,35,0.3,0.05,0.4,0.2,56444.545800937434,0.6832983778531515
first_tag_2000u,2,36,0.3,0.1,0.1,0.05,63668.44441077792,0.7707484251843439
first_tag_2000u,2,37,0.3,0.1,0.1,0.1,62893.87546453885,0.7613717582807404
first_tag_2000u,2,38,0.3,0.1,0.1,0.2,62974.10046449342,0.7623429347080529
first_tag_2000u,2,39,0.3,0.1,0.25,0.05,58124.7252949074,0.7036380564959858
first_tag_2000u,2,40,0.3,0.1,0.25,0.1,57748.39462407596,0.6990823260305058
first_tag_2000u,2,41,0.3,0.1,0.25,0.2,57888.651646009675,0.7007802295960303
first_tag_2000u,2,42,0.3,0.1,0.4,0.05,57167.80159170362,0.6920538652362251
first_tag_2000u,2,43,0.3,0.1,0.4,0.1,56750.197928712536,0.6869984980354035
first_tag_2000u,2,44,0.3,0.1,0.4,0.2,56467.6213365319,0.6835777223994854
first_tag_2000u,2,45,0.3,0.2,0.1,0.05,63118.18422209485,0.7640871634275338
first_tag_2000u,2,46,0.3,0.2,0.1,0.1,62256.33515725709,0.75365391324186
first_tag_2000u,2,47,0.3,0.2,0.1,0.2,62248.87523690132,0.7535636059959484
first_tag_2000u,2,48,0.3,0.2,0.25,0.05,58343.177897364294,0.7062825690308729
first_tag_2000u,2,49,0.3,0.2,0.25,0.1,57822.975639387725,0.699985178308933
first_tag_2000u,2,50,0.3,0.2,0.25,0.2,57760.39475655124,0.6992275955324219
first_tag_2000u,2,51,0.3,0.2,0.4,0.05,57888.35375683112,0.7007766234514577
first_tag_2000u,2,52,0.3,0.2,0.4,0.1,57285.195441524425,0.6934749950551343
first_tag_2000u,2,53,0.3,0.2,0.4,0.2,56720.769788201054,0.686642251025362
first_tag_2000u,2,54,0.5,0.05,0.1,0.05,62346.621127464925,0.7547468843360643
first_tag_2000u,2,55,0.5,0.05,0.1,0.1,60378.545691796906,0.7309220358302896
first_tag_2000u,2,56,0.5,0.05,0.1,0.2,58797.44331988437,0.711781750961
first_tag_2000u,2,57,0.5,0.05,0.25,0.05,59316.53930224121,0.7180657494884295
first_tag_2000u,2,58,0.5,0.05,0.25,0.1,57969.36613895208,0.7017573316581371
first_tag_2000u,2,59,0.5,0.05,0.25,0.2,56745.137760535086,0.6869372413690905
first_tag_2000u,2,60,0.5,0.05,0.4,0.05,60133.40738741874,0.7279544753095264
first_tag_2000u,2,61,0.5,0.05,0.4,0.1,58791.92258713211,0.7117149188573725
first_tag_2000u,2,62,0.5,0.05,0.4,0.2,57191.395628788,0.6923394865843643
first_tag_2000u,2,63,0.5,0.1,0.1,0.05,61691.112475334594,0.7468115206563033
first_tag_2000u,2,64,0.5,0.1,0.1,0.1,59826.45231106006,0.7242385820770895
first_tag_2000u,2,65,0.5,0.1,0.1,0.2,58369.22743356697,0.7065979158120109
first_tag_2000u,2,66,0.5,0.1,0.25,0.05,59232.747236626565,0.717051391383514
first_tag_2000u,2,67,0.5,0.1,0.25,0.1,57896.9728848173,0.7008809636687081
first_tag_2000u,2,68,0.5,0.1,0.25,0.2,56666.64104126943,0.6859869869170452
first_tag_2000u,2,69,0.5,0.1,0.4,0.05,60383.395294806185,0.7309807434666512
first_tag_2000u,2,70,0.5,0.1,0.4,0.1,59000.12940566608,0.7142353994342551
first_tag_2000u,2,71,0.5,0.1,0.4,0.2,57314.41900285534,0.6938287654995441
first_tag_2000u,2,72,0.5,0.2,0.1,0.05,61330.768852147485,0.7424493239249871
first_tag_2000u,2,73,0.5,0.2,0.1,0.1,59448.776528541974,0.7196665681493108
first_tag_2000u,2,74,0.5,0.2,0.1,0.2,57980.74089683567,0.7018950305890089
first_tag_2000u,2,75,0.5,0.2,0.25,0.05,59608.8980237567,0.721604944238393
first_tag_2000u,2,76,0.5,0.2,0.25,0.1,58166.1347776096,0.7041393455391812
first_tag_2000u,2,77,0.5,0.2,0.25,0.2,56767.92543828652,0.6872131012067709
first_tag_2000u,2,78,0.5,0.2,0.4,0.05,61221.60557501181,0.741127830605668
first_tag_2000u,2,79,0.5,0.2,0.4,0.1,59665.111531993905,0.7222854457544718
first_tag_2000u,2,80,0.5,0.2,0.4,0.2,57697.573633549866,0.6984671044905922
first_tag_2000u,3,0,0.1,0.05,0.1,0.05,75875.77559752866,0.9159426791430203
first_tag_2000u,3,1,0.1,0.05,0.1,0.1,75802.85409585186,0.915062399302887
first_tag_2000u,3,2,0.1,0.05,0.1,0.2,76721.45348344363,0.9261513717384763
first_tag_2000u,3,3,0.1,0.05,0.25,0.05,62652.43138851821,0.7563156410448969
first_tag_2000u,3,4,0.1,0.05,0.25,0.1,62776.411540250585,0.7578122809335046
first_tag_2000u,3,5,0.1,0.05,0.25,0.2,63470.26755172757,0.7661882392559974
first_tag_2000u,3,6,0.1,0.05,0.4,0.05,57343.739903219495,0.6922311942831214
first_tag_2000u,3,7,0.1,0.05,0.4,0.1,57405.09261815058,0.6929718202555629
first_tag_2000u,3,8,0.1,0.05,0.4,0.2,57732.49760973298,0.6969241252276461
first_tag_2000u,3,9,0.1,0.1,0.1,0.05,74714.37841732649,0.9019227467415889
first_tag_2000u,3,10,0.1,0.1,0.1,0.1,74608.4896457933,0.9006444989170959
first_tag_2000u,3,11,0.1,0.1,0.1,0.2,75502.55940664088,0.9114373592950287
first_tag_2000u,3,12,0.1,0.1,0.25,0.05,62177.48338356563,0.7505822545366992
first_tag_2000u,3,13,0.1,0.1,0.25,0.1,62242.23964354367,0.751363966773424
first_tag_2000u,3,14,0.1,0.1,0.25,0.2,62866.096822733074,0.7588949265772531
first_tag_2000u,3,15,0.1,0.1,0.4,0.05,57323.57313721808,0.691987748973528
first_tag_2000u,3,16,0.1,0.1,0.4,0.1,57320.10548099695,0.6919458887842315
first_tag_2000u,3,17,0.1,0.1,0.4,0.2,57563.27011607447,0.6948812771288218
first_tag_2000u,3,18,0.1,0.2,0.1,0.05,73784.9816483285,0.8907034325417797
first_tag_2000u,3,19,0.1,0.2,0.1,0.1,73506.4634924401,0.8873412703248482
first_tag_2000u,3,20,0.1,0.2,0.1,0.2,74182.13181144005,0.8954976739390873
first_tag_2000u,3,21,0.1,0.2,0.25,0.05,62029.49689334008,0.7487958195214824
first_tag_2000u,3,22,0.1,0.2,0.25,0.1,61904.256004529765,0.7472839605080912
first_tag_2000u,3,23,0.1,0.2,0.25,0.2,62273.788976095006,0.751744817973358
first_tag_2000u,3,24,0.1,0.2,0.4,0.05,57785.094279138,0.6975590516440082
first_tag_2000u,3,25,0.1,0.2,0.4,0.1,57588.74992009275,0.6951888593548057
first_tag_2000u,3,26,0.1,0.2,0.4,0.2,57560.16048500603,0.6948437388791032
first_tag_2000u,3,27,0.3,0.05,0.1,0.05,64660.25769081517,0.7805533346710507
first_tag_2000u,3,28,0.3,0.05,0.1,0.1,63821.2235535064,0.7704248428096235
first_tag_2000u,3,29,0.3,0.05,0.1,0.2,63818.61523421633,0.7703933561995718
first_tag_2000u,3,30,0.3,0.05,0.25,0.05,58472.805955104726,0.705860837951988
first_tag_2000u,3,31,0.3,0.05,0.25,0.1,58109.64451670276,0.701476895142418
first_tag_2000u,3,32,0.3,0.05,0.25,0.2,58278.153147641664,0.7035110654117223
first_tag_2000u,3,33,0.3,0.05,0.4,0.05,57132.03741622771,0.6896756046817044
first_tag_2000u,3,34,0.3,0.05,0.4,0.1,56766.6144875439,0.6852643620461848
first_tag_2000u,3,35,0.3,0.05,0.4,0.2,56575.40020247521,0.6829560980030567
first_tag_2000u,3,36,0.3,0.1,0.1,0.05,63800.32993153862,0.7701726231791622
first_tag_2000u,3,37,0.3,0.1,0.1,0.1,63012.0136080281,0.7606563769242519
first_tag_2000u,3,38,0.3,0.1,0.1,0.2,63094.796967011025,0.7616557052476615
first_tag_2000u,3,39,0.3,0.1,0.25,0.05,58255.59305232911,0.7032387287669951
first_tag_2000u,3,40,0.3,0.1,0.25,0.1,57875.66816150611,0.6986524241179409
first_tag_2000u,3,41,0.3,0.1,0.25,0.2,58018.549057338,0.7003772263950313
first_tag_2000u,3,42,0.3,0.1,0.4,0.05,57291.572509871716,0.6916014499193823
first_tag_2000u,3,43,0.3,0.1,0.4,0.1,56873.07115365981,0.6865494652719107
first_tag_2000u,3,44,0.3,0.1,0.4,0.2,56596.00859563589,0.6832048744629449
first_tag_2000u,3,45,0.3,0.2,0.1,0.05,63233.04977739286,0.763324639087783
first_tag_2000u,3,46,0.3,0.2,0.1,0.1,62359.79359105262,0.7527830320386849
first_tag_2000u,3,47,0.3,0.2,0.1,0.2,62361.86865117043,0.7528080813526289
first_tag_2000u,3,48,0.3,0.2,0.25,0.05,58467.411046327914,0.7057957127238126
first_tag_2000u,3,49,0.3,0.2,0.25,0.1,57942.69336085313,0.6994615261030811
first_tag_2000u,3,50,0.3,0.2,0.25,0.2,57884.12771726969,0.6987545445655994
first_tag_2000u,3,51,0.3,0.2,0.4,0.05,58008.614280777765,0.7002572976590467
first_tag_2000u,3,52,0.3,0.2,0.4,0.1,57404.06954731213,0.6929594701446435
first_tag_2000u,3,53,0.3,0.2,0.4,0.2,56845.52388896786,0.6862169254694994
first_tag_2000u,3,54,0.5,0.05,0.1,0.05,62451.97377491164,0.7538957951558038
first_tag_2000u,3,55,0.5,0.05,0.1,0.1,60469.520771289695,0.7299643980647967
first_tag_2000u,3,56,0.5,0.05,0.1,0.2,58892.730201949504,0.7109299991785211
first_tag_2000u,3,57,0.5,0.05,0.25,0.05,59429.26267046439,0.7174068092379724
first_tag_2000u,3,58,0.5,0.05,0.25,0.1,58077.65806773372,0.7010907672440966
first_tag_2000u,3,59,0.5,0.05,0.25,0.2,56856.35598215737,0.6863476862607875
first_tag_2000u,3,60,0.5,0.05,0.4,0.05,60245.74579669137,0.7272630741159523
first_tag_2000u,3,61,0.5,0.05,0.4,0.1,58902.86546933205,0.7110523481612773
first_tag_2000u,3,62,0.5,0.05,0.4,0.2,57308.5810914214,0.6918067708618091
first_tag_2000u,3,63,0.5,0.1,0.1,0.05,61788.28411976533,0.7458839932853527
first_tag_2000u,3,64,0.5,0.1,0.1,0.1,59909.39156920192,0.7232027374690897
first_tag_2000u,3,65,0.5,0.1,0.1,0.2,58458.73491358003,0.7056909778435282
first_tag_2000u,3,66,0.5,0.1,0.25,0.05,59342.75287237563,0.7163624967995224
first_tag_2000u,3,67,0.5,0.1,0.25,0.1,58001.42021082183,0.7001704536609789
first_tag_2000u,3,68,0.5,0.1,0.25,0.2,56774.09191517538,0.6853546266272574
first_tag_2000u,3,69,0.5,0.1,0.4,0.05,60494.61670547563,0.7302673463643409
first_tag_2000u,3,70,0.5,0.1,0.4,0.1,59109.10989706901,0.713542050206654
first_tag_2000u,3,71,0.5,0.1,0.4,0.2,57429.348250931136,0.6932646247652813
first_tag_2000u,3,72,0.5,0.2,0.1,0.05,61412.245832176326,0.7413446061900352
first_tag_2000u,3,73,0.5,0.2,0.1,0.1,59519.170749140554,0.7184921443902094
first_tag_2000u,3,74,0.5,0.2,0.1,0.2,58065.013247771356,0.7009381239243757
first_tag_2000u,3,75,0.5,0.2,0.25,0.05,59712.59165720703,0.7208270459228989
first_tag_2000u,3,76,0.5,0.2,0.25,0.1,58263.430699553006,0.7033333417780635
first_tag_2000u,3,77,0.5,0.2,0.25,0.2,56870.63109247843,0.6865200098079217
first_tag_2000u,3,78,0.5,0.2,0.4,0.05,61329.65455549802,0.7403475966090611
first_tag_2000u,3,79,0.5,0.2,0.4,0.1,59770.462430410626,0.7215256392570001
first_tag_2000u,3,80,0.5,0.2,0.4,0.2,57809.88633708348,0.6978583316684591
first_tag_2000u,4,0,0.1,0.05,0.1,0.05,75948.60010647935,0.9181962172094463
first_tag_2000u,4,1,0.1,0.05,0.1,0.1,75893.39291612682,0.917528778530216
first_tag_2000u,4,2,0.1,0.05,0.1,0.2,76841.28561672488,0.9289885222356874
first_tag_2000u,4,3,0.1,0.05,0.25,0.05,62676.1931386493,0.7577367241570369
first_tag_2000u,4,4,0.1,0.05,0.25,0.1,62808.61012140329,0.7593376064970476
first_tag_2000u,4,5,0.1,0.05,0.25,0.2,63513.52701148231,0.7678598441816152
first_tag_2000u,4,6,0.1,0.05,0.4,0.05,57293.93408945707,0.6926667967050362
first_tag_2000u,4,7,0.1,0.05,0.4,0.1,57362.134861395614,0.6934913239605346
first_tag_2000u,4,8,0.1,0.05,0.4,0.2,57695.51842630721,0.6975218331174178
first_tag_2000u,4,9,0.1,0.1,0.1,0.05,74766.7722251112,0.9039082660353165
first_tag_2000u,4,10,0.1,0.1,0.1,0.1,74680.92049343855,0.9028703438727987
first_tag_2000u,4,11,0.1,0.1,0.1,0.2,75608.26645652732,0.9140816835704203
first_tag_2000u,4,12,0.1,0.1,0.25,0.05,62183.960084498874,0.7517857714380569
first_tag_2000u,4,13,0.1,0.1,0.25,0.1,62258.37420537198,0.7526854162530615
first_tag_2000u,4,14,0.1,0.1,0.25,0.2,62897.446940333946,0.7604116174857516
first_tag_2000u,4,15,0.1,0.1,0.4,0.05,57261.01557605815,0.6922688215687378
first_tag_2000u,4,16,0.1,0.1,0.4,0.1,57265.30226419857,0.6923206463664218
first_tag_2000u,4,17,0.1,0.1,0.4,0.2,57517.69991111525,0.6953720596157317
first_tag_2000u,4,18,0.1,0.2,0.1,0.05,73804.69700183022,0.8922770598057211
first_tag_2000u,4,19,0.1,0.2,0.1,0.1,73550.52110955192,0.8892041480934766
first_tag_2000u,4,20,0.1,0.2,0.1,0.2,74265.33941231707,0.8978460909425989
first_tag_2000u,4,21,0.1,0.2,0.25,0.05,62001.546849373146,0.7495804491249851
first_tag_2000u,4,22,0.1,0.2,0.25,0.1,61889.23200050271,0.7482225956658732
first_tag_2000u,4,23,0.1,0.2,0.25,0.2,62281.028495160404,0.7529592999475355
first_tag_2000u,4,24,0.1,0.2,0.4,0.05,57692.551450921645,0.6974859632584374
first_tag_2000u,4,25,0.1,0.2,0.4,0.1,57506.465857136835,0.6952362432102621
first_tag_2000u,4,26,0.1,0.2,0.4,0.2,57494.29872999393,0.695089146224916
first_tag_2000u,4,27,0.3,0.05,0.1,0.05,64625.32682557976,0.7813011766376081
first_tag_2000u,4,28,0.3,0.05,0.1,0.1,63804.774665273704,0.7713809425772074
first_tag_2000u,4,29,0.3,0.05,0.1,0.2,63835.705893858554,0.7717548920251291
first_tag_2000u,4,30,0.3,0.05,0.25,0.05,58427.564914881266,0.7063720596612617
first_tag_2000u,4,31,0.3,0.05,0.25,0.1,58071.82475884201,0.7020712658990753
first_tag_2000u,4,32,0.3,0.05,0.25,0.2,58254.68517307862,0.7042819944759551
first_tag_2000u,4,33,0.3,0.05,0.4,0.05,57037.83347709729,0.6895706156936141
first_tag_2000u,4,34,0.3,0.05,0.4,0.1,56680.20637733823,0.6852470093373418
first_tag_2000u,4,35,0.3,0.05,0.4,0.2,56498.40214280312,0.6830490496621304
first_tag_2000u,4,36,0.3,0.1,0.1,0.05,63746.23887461359,0.7706732621001462
first_tag_2000u,4,37,0.3,0.1,0.1,0.1,62980.91070217756,0.7614206697960172
first_tag_2000u,4,38,0.3,0.1,0.1,0.2,63102.72402647851,0.7628933570268815
first_tag_2000u,4,39,0.3,0.1,0.25,0.05,58193.699472221655,0.7035446953058291
first_tag_2000u,4,40,0.3,0.1,0.25,0.1,57823.467766887654,0.6990687029787542
first_tag_2000u,4,41,0.3,0.1,0.25,0.2,57985.944372321035,0.7010329973078768
first_tag_2000u,4,42,0.3,0.1,0.4,0.05,57184.73674277246,0.6913466329296072
first_tag_2000u,4,43,0.3,0.1,0.4,0.1,56774.9578484368,0.6863925267295751
first_tag_2000u,4,44,0.3,0.1,0.4,0.2,56511.00215859891,0.6832013801438543
first_tag_2000u,4,45,0.3,0.2,0.1,0.05,63147.71087340151,0.7634372347627578
first_tag_2000u,4,46,0.3,0.2,0.1,0.1,62303.24332028792,0.7532278706436307
first_tag_2000u,4,47,0.3,0.2,0.1,0.2,62351.271315554906,0.7538085149677194
first_tag_2000u,4,48,0.3,0.2,0.25,0.05,58372.73054087923,0.7057091282219577
first_tag_2000u,4,49,0.3,0.2,0.25,0.1,57862.107434526166,0.6995358451855911
first_tag_2000u,4,50,0.3,0.2,0.25,0.2,57831.66843419633,0.6991678466323681
first_tag_2000u,4,51,0.3,0.2,0.4,0.05,57873.1395947519,0.699669220755025
first_tag_2000u,4,52,0.3,0.2,0.4,0.1,57279.723333745744,0.6924949928519101
first_tag_2000u,4,53,0.3,0.2,0.4,0.2,56742.28037826801,0.6859974657349697
first_tag_2000u,4,54,0.5,0.05,0.1,0.05,62350.07276128866,0.7537940247994761
first_tag_2000u,4,55,0.5,0.05,0.1,0.1,60383.64253668656,0.7300204622702842
first_tag_2000u,4,56,0.5,0.05,0.1,0.2,58841.13861458134,0.7113720439410184
first_tag_2000u,4,57,0.5,0.05,0.25,0.05,59332.460745203876,0.7173119838627078
first_tag_2000u,4,58,0.5,0.05,0.25,0.1,57984.77405377141,0.7010188485011354
first_tag_2000u,4,59,0.5,0.05,0.25,0.2,56778.74076237315,0.6864382610454349
first_tag_2000u,4,60,0.5,0.05,0.4,0.05,60114.03365538705,0.7267609702640035
first_tag_2000u,4,61,0.5,0.05,0.4,0.1,58776.45427654809,0.710590029336252
first_tag_2000u,4,62,0.5,0.05,0.4,0.2,57192.56947704023,0.6914413283810703
first_tag_2000u,4,63,0.5,0.1,0.1,0.05,61669.76648446579,0.7455693221841962
first_tag_2000u,4,64,0.5,0.1,0.1,0.1,59812.80609398859,0.7231192177233705
first_tag_2000u,4,65,0.5,0.1,0.1,0.2,58402.003603237965,0.7060630309283439
first_tag_2000u,4,66,0.5,0.1,0.25,0.05,59230.17739334927,0.7160754082494019
first_tag_2000u,4,67,0.5,0.1,0.25,0.1,57896.390534568985,0.6999503177727012
first_tag_2000u,4,68,0.5,0.1,0.25,0.2,56690.100438593865,0.6853666256252658
first_tag_2000u,4,69,0.5,0.1,0.4,0.05,60350.246717520924,0.7296167166477776
first_tag_2000u,4,70,0.5,0.1,0.4,0.1,58971.641358147615,0.7129497836927717
first_tag_2000u,4,71,0.5,0.1,0.4,0.2,57306.60441933471,0.6928199772633103
first_tag_2000u,4,72,0.5,0.2,0.1,0.05,61263.849732720664,0.7406619081511293
first_tag_2000u,4,73,0.5,0.2,0.1,0.1,59400.33495608856,0.7181325630911994
first_tag_2000u,4,74,0.5,0.2,0.1,0.2,57993.78501673559,0.7011277883906859
first_tag_2000u,4,75,0.5,0.2,0.25,0.05,59568.17201264418,0.7201616636963571
first_tag_2000u,4,76,0.5,0.2,0.25,0.1,58132.64046883805,0.7028065099297353
first_tag_2000u,4,77,0.5,0.2,0.25,0.2,56770.71903084991,0.6863412806727911
first_tag_2000u,4,78,0.5,0.2,0.4,0.05,61157.11269264887,0.7393714887583736
first_tag_2000u,4,79,0.5,0.2,0.4,0.1,59608.030811885736,0.7206435448453815
first_tag_2000u,4,80,0.5,0.2,0.4,0.2,57671.46941504745,0.6972310876509394
first_tag_20000u,0,0,0.1,0.05,0.1,0.05,760677.9465599868,0.922375992258931
first_tag_20000u,0,1,0.1,0.05,0.1,0.1,759946.8141558355,0.9214894423335631
first_tag_20000u,0,2,0.1,0.05,0.1,0.2,769206.4463081583,0.932717403434678
first_tag_20000u,0,3,0.1,0.05,0.25,0.05,626490.472326722,0.7596641570409413
first_tag_20000u,0,4,0.1,0.05,0.25,0.1,627848.4132258643,0.7613107567483992
first_tag_20000u,0,5,0.1,0.05,0.25,0.2,634898.8343604506,0.7698598927122674
first_tag_20000u,0,6,0.1,0.05,0.4,0.05,571526.1473609162,0.6930160124372389
first_tag_20000u,0,7,0.1,0.05,0.4,0.1,572265.6889034959,0.6939127590397116
first_tag_20000u,0,8,0.1,0.05,0.4,0.2,575668.6162027891,0.6980390498812761
first_tag_20000u,0,9,0.1,0.1,0.1,0.05,749059.9018817839,0.9082882886037534
first_tag_20000u,0,10,0.1,0.1,0.1,0.1,747986.2792448675,0.9069864449660935
first_tag_20000u,0,11,0.1,0.1,0.1,0.2,757046.0538713773,0.9179720646341276
first_tag_20000u,0,12,0.1,0.1,0.25,0.05,621716.0510316959,0.7538748324004976
first_tag_20000u,0,13,0.1,0.1,0.25,0.1,622467.5094758179,0.7547860290917818
first_tag_20000u,0,14,0.1,0.1,0.25,0.2,628815.2066440077,0.762483062377085
first_tag_20000u,0,15,0.1,0.1,0.4,0.05,571266.8243829145,0.6927015649233709
first_tag_20000u,0,16,0.1,0.1,0.4,0.1,571354.3579226248,0.69280770555215
first_tag_20000u,0,17,0.1,0.1,0.4,0.2,573914.899683094,0.6959125441473977
first_tag_20000u,0,18,0.1,0.2,0.1,0.05,739572.497429836,0.8967841374253189
first_tag_20000u,0,19,0.1,0.2,0.1,0.1,736775.0883084614,0.8933920803455117
first_tag_20000u,0,20,0.1,0.2,0.1,0.2,743732.4375950253,0.9018283600887423
first_tag_20000u,0,21,0.1,0.2,0.25,0.05,620076.4725913287,0.7518867271876947
first_tag_20000u,0,22,0.1,0.2,0.25,0.1,618891.9236011395,0.7504503774747233
first_tag_20000u,0,23,0.1,0.2,0.25,0.2,622705.9542789803,0.7550751603370223
first_tag_20000u,0,24,0.1,0.2,0.4,0.05,575696.3174925923,0.6980726396610043
first_tag_20000u,0,25,0.1,0.2,0.4,0.1,573839.9509927812,0.695821663541606
first_tag_20000u,0,26,0.1,0.2,0.4,0.2,573693.7331395027,0.6956443640180512
first_tag_20000u,0,27,0.3,0.05,0.1,0.05,646479.9913280149,0.7839028674005326
first_tag_20000u,0,28,0.3,0.05,0.1,0.1,638034.7048761862,0.7736623582518924
first_tag_20000u,0,29,0.3,0.05,0.1,0.2,638119.132888667,0.7737647332085198
first_tag_20000u,0,30,0.3,0.05,0.25,0.05,583253.3026756895,0.7072360204823722
first_tag_20000u,0,31,0.3,0.05,0.25,0.1,579760.6210422444,0.703000896141168
first_tag_20000u,0,32,0.3,0.05,0.25,0.2,581624.0858676238,0.7052604794840557
first_tag_20000u,0,33,0.3,0.05,0.4,0.05,568255.9886002536,0.6890507128707782
first_tag_20000u,0,34,0.3,0.05,0.4,0.1,564804.8425977433,0.6848659534296881
first_tag_20000u,0,35,0.3,0.05,0.4,0.2,563155.2312896125,0.6828656826527324
first_tag_20000u,0,36,0.3,0.1,0.1,0.05,637865.4180976503,0.7734570860193603
first_tag_20000u,0,37,0.3,0.1,0.1,0.1,629944.3738568294,0.7638522577547907
first_tag_20000u,0,38,0.3,0.1,0.1,0.2,630941.596897643,0.7650614614604241
first_tag_20000u,0,39,0.3,0.1,0.25,0.05,581044.4654877121,0.7045576486402375
first_tag_20000u,0,40,0.3,0.1,0.25,0.1,577373.2324299432,0.700106018026011
first_tag_20000u,0,41,0.3,0.1,0.25,0.2,578989.5955288067,0.7020659729897473
first_tag_20000u,0,42,0.3,0.1,0.4,0.05,569797.0889477752,0.6909194064074374
first_tag_20000u,0,43,0.3,0.1,0.4,0.1,565805.7990036892,0.6860796841054855
first_tag_20000u,0,44,0.3,0.1,0.4,0.2,563296.0216875151,0.6830364010014807
first_tag_20000u,0,45,0.3,0.2,0.1,0.05,631991.9308244744,0.7663350658844061
first_tag_20000u,0,46,0.3,0.2,0.1,0.1,623250.6781597548,0.7557356766991815
first_tag_20000u,0,47,0.3,0.2,0.1,0.2,623541.2411267185,0.7560880049166339
first_tag_20000u,0,48,0.3,0.2,0.25,0.05,582995.968183635,0.7069239841488298
first_tag_20000u,0,49,0.3,0.2,0.25,0.1,577839.7863834602,0.7006717478039857
first_tag_20000u,0,50,0.3,0.2,0.25,0.2,577472.169981691,0.7002259868286795
first_tag_20000u,0,51,0.3,0.2,0.4,0.05,576792.2287423189,0.6994015098234241
first_tag_20000u,0,52,0.3,0.2,0.4,0.1,570914.0708406757,0.6922738262199989
first_tag_20000u,0,53,0.3,0.2,0.4,0.2,565601.2997039052,0.6858317141920582
first_tag_20000u,0,54,0.5,0.05,0.1,0.05,622705.6339816576,0.7550747719537884
first_tag_20000u,0,55,0.5,0.05,0.1,0.1,602795.9493370209,0.7309328664171448
first_tag_20000u,0,56,0.5,0.05,0.1,0.2,587232.0281728448,0.7120605075007758
first_tag_20000u,0,57,0.5,0.05,0.25,0.05,591442.2411441067,0.7171656895092079
first_tag_20000u,0,58,0.5,0.05,0.25,0.1,578062.526037925,0.7009418354419034
first_tag_20000u,0,59,0.5,0.05,0.25,0.2,566114.5330688307,0.6864540460690034
first_tag_20000u,0,60,0.5,0.05,0.4,0.05,598191.3453861626,0.7253494573577141
first_tag_20000u,0,61,0.5,0.05,0.4,0.1,585026.3589880727,0.7093859770873472
first_tag_20000u,0,62,0.5,0.05,0.4,0.2,569485.723407022,0.6905418535929957
first_tag_20000u,0,63,0.5,0.1,0.1,0.05,616058.5737386169,0.7470147396957136
first_tag_20000u,0,64,0.5,0.1,0.1,0.1,597216.9216736354,0.7241678994555986
first_tag_20000u,0,65,0.5,0.1,0.1,0.2,582961.9143344656,0.7068826914400561
first_tag_20000u,0,66,0.5,0.1,0.25,0.05,590532.1175284171,0.7160621000376105
first_tag_20000u,0,67,0.5,0.1,0.25,0.1,577251.8998865813,0.699958893706734
first_tag_20000u,0,68,0.5,0.1,0.25,0.2,565257.2423113859,0.6854145201873494
first_tag_20000u,0,69,0.5,0.1,0.4,0.05,600621.1682384886,0.7282957900002772
first_tag_20000u,0,70,0.5,0.1,0.4,0.1,587020.1645033126,0.711803607766411
first_tag_20000u,0,71,0.5,0.1,0.4,0.2,570624.6312902387,0.6919228602248091
first_tag_20000u,0,72,0.5,0.2,0.1,0.05,612095.0328159531,0.7422086650514653
first_tag_20000u,0,73,0.5,0.2,0.1,0.1,593159.9150787896,0.7192484910509711
first_tag_20000u,0,74,0.5,0.2,0.1,0.2,578970.791111419,0.7020431712991958
first_tag_20000u,0,75,0.5,0.2,0.25,0.05,594044.3483817735,0.7203209291952815
first_tag_20000u,0,76,0.5,0.2,0.25,0.1,579660.5952085564,0.7028796077194164
first_tag_20000u,0,77,0.5,0.2,0.25,0.2,566059.447441004,0.6863872508360725
first_tag_20000u,0,78,0.5,0.2,0.4,0.05,608789.395322604,0.7382003450038487
first_tag_20000u,0,79,0.5,0.2,0.4,0.1,593420.96091225,0.7195650276493463
first_tag_20000u,0,80,0.5,0.2,0.4,0.2,574239.6192478169,0.6963062896635805
first_tag_20000u,1,0,0.1,0.05,0.1,0.05,763725.1254085226,0.9236372057519802
first_tag_20000u,1,1,0.1,0.05,0.1,0.1,763011.441520799,0.9227740876353742
first_tag_20000u,1,2,0.1,0.05,0.1,0.2,772421.1243210774,0.9341540106463039
first_tag_20000u,1,3,0.1,0.05,0.25,0.05,628760.453711305,0.7604130455215954
first_tag_20000u,1,4,0.1,0.05,0.25,0.1,630142.8537968707,0.7620848985349163
first_tag_20000u,1,5,0.1,0.05,0.25,0.2,637324.6626421923,0.770770465676091
first_tag_20000u,1,6,0.1,0.05,0.4,0.05,573057.4552821808,0.6930467116019635
first_tag_20000u,1,7,0.1,0.05,0.4,0.1,573829.32147997,0.6939801944931531
first_tag_20000u,1,8,0.1,0.05,0.4,0.2,577337.8757421612,0.6982233850693778
first_tag_20000u,1,9,0.1,0.1,0.1,0.05,752034.0817369205,0.9094982406323151
first_tag_20000u,1,10,0.1,0.1,0.1,0.1,750997.1563866156,0.9082441993532401
first_tag_20000u,1,11,0.1,0.1,0.1,0.2,760219.7880933784,0.9193979057011326
first_tag_20000u,1,12,0.1,0.1,0.25,0.05,623881.8195481485,0.7545129017703555
first_tag_20000u,1,13,0.1,0.1,0.25,0.1,624667.4156158046,0.7554629893511347
first_tag_20000u,1,14,0.1,0.1,0.25,0.2,631160.2387868544,0.7633153080082461
first_tag_20000u,1,15,0.1,0.1,0.4,0.05,572708.0865274287,0.6926241905015301
first_tag_20000u,1,16,0.1,0.1,0.4,0.1,572831.8089885707,0.6927738185083825
first_tag_20000u,1,17,0.1,0.1,0.4,0.2,575509.6968902033,0.6960124141974505
first_tag_20000u,1,18,0.1,0.2,0.1,0.05,742457.9629458529,0.8979170325407265
first_tag_20000u,1,19,0.1,0.2,0.1,0.1,739711.1947401454,0.8945951340906644
first_tag_20000u,1,20,0.1,0.2,0.1,0.2,746840.0217411879,0.9032166258191316
first_tag_20000u,1,21,0.1,0.2,0.25,0.05,622097.8716120692,0.7523554230753787
first_tag_20000u,1,22,0.1,0.2,0.25,0.1,620957.1537222696,0.7509758567245635
first_tag_20000u,1,23,0.1,0.2,0.25,0.2,624931.3033091595,0.7557821309946575
first_tag_20000u,1,24,0.1,0.2,0.4,0.05,577003.7887806805,0.6978193455303943
first_tag_20000u,1,25,0.1,0.2,0.4,0.1,575189.3047854375,0.695624937003699
first_tag_20000u,1,26,0.1,0.2,0.4,0.2,575179.3990726431,0.6956129571897816
first_tag_20000u,1,27,0.3,0.05,0.1,0.05,648377.1317788062,0.7841371487540393
first_tag_20000u,1,28,0.3,0.05,0.1,0.1,639907.8872857834,0.7738945771034319
first_tag_20000u,1,29,0.3,0.05,0.1,0.2,640133.1361133074,0.7741669895077533
first_tag_20000u,1,30,0.3,0.05,0.25,0.05,584744.6467813379,0.7071810179646036
first_tag_20000u,1,31,0.3,0.05,0.25,0.1,581250.5029021244,0.702955255079867
first_tag_20000u,1,32,0.3,0.05,0.25,0.2,583258.6075967952,0.7053838254481013
first_tag_20000u,1,33,0.3,0.05,0.4,0.05,569253.2914503621,0.6884460154418571
first_tag_20000u,1,34,0.3,0.05,0.4,0.1,565826.2338192102,0.6843013856148694
first_tag_20000u,1,35,0.3,0.05,0.4,0.2,564319.3080687799,0.682478933212693
first_tag_20000u,1,36,0.3,0.1,0.1,0.05,639719.948556957,0.7736672869481512
first_tag_20000u,1,37,0.3,0.1,0.1,0.1,631794.9706886035,0.764082942829504
first_tag_20000u,1,38,0.3,0.1,0.1,0.2,632943.6671891784,0.7654721583872357
first_tag_20000u,1,39,0.3,0.1,0.25,0.05,582466.0088316302,0.7044252689146262
first_tag_20000u,1,40,0.3,0.1,0.25,0.1,578806.5494027376,0.6999995759931618
first_tag_20000u,1,41,0.3,0.1,0.25,0.2,580584.5343475045,0.7021498431398332
first_tag_20000u,1,42,0.3,0.1,0.4,0.05,570732.2331356988,0.6902346243539758
first_tag_20000u,1,43,0.3,0.1,0.4,0.1,566770.1512418066,0.6854429445627974
first_tag_20000u,1,44,0.3,0.1,0.4,0.2,564415.6246390903,0.6825954169643852
first_tag_20000u,1,45,0.3,0.2,0.1,0.05,633793.0266759138,0.7664993604484323
first_tag_20000u,1,46,0.3,0.2,0.1,0.1,625064.2138549903,0.7559428709272353
first_tag_20000u,1,47,0.3,0.2,0.1,0.2,625517.951170983,0.7564916137310874
first_tag_20000u,1,48,0.3,0.2,0.25,0.05,584318.000150831,0.7066650382115032
first_tag_20000u,1,49,0.3,0.2,0.25,0.1,579188.8943083246,0.7004619779339659
first_tag_20000u,1,50,0.3,0.2,0.25,0.2,579003.2374424097,0.7002374474279537
first_tag_20000u,1,51,0.3,0.2,0.4,0.05,577630.27613567,0.6985770095259214
first_tag_20000u,1,52,0.3,0.2,0.4,0.1,571789.00397219,0.6915126664532385
first_tag_20000u,1,53,0.3,0.2,0.4,0.2,566652.0223176602,0.6853000812919855
first_tag_20000u,1,54,0.5,0.05,0.1,0.05,623858.7365866235,0.7544849855981959
first_tag_20000u,1,55,0.5,0.05,0.1,0.1,603904.6461832542,0.730352821171064
first_tag_20000u,1,56,0.5,0.05,0.1,0.2,588494.3281216135,0.7117158238527036
first_tag_20000u,1,57,0.5,0.05,0.25,0.05,592365.6043884627,0.716397684740669
first_tag_20000u,1,58,0.5,0.05,0.25,0.1,578960.0038006705,0.7001851613387285
first_tag_20000u,1,59,0.5,0.05,0.25,0.2,567169.6728302066,0.6859261197147868
first_tag_20000u,1,60,0.5,0.05,0.4,0.05,598754.9336877846,0.7241248395301597
first_tag_20000u,1,61,0.5,0.05,0.4,0.1,585597.3926397894,0.7082123154507186
first_tag_20000u,1,62,0.5,0.05,0.4,0.2,570225.4781551246,0.6896217628169036
first_tag_20000u,1,63,0.5,0.1,0.1,0.05,617181.437576218,0.7464095647500965
first_tag_20000u,1,64,0.5,0.1,0.1,0.1,598311.7020494394,0.7235888021283222
first_tag_20000u,1,65,0.5,0.1,0.1,0.2,584217.0558317243,0.7065429577328933
first_tag_20000u,1,66,0.5,0.1,0.25,0.05,591398.5587505096,0.7152281548913061
first_tag_20000u,1,67,0.5,0.1,0.25,0.1,578106.9305945061,0.6991534679634163
first_tag_20000u,1,68,0.5,0.1,0.25,0.2,566286.9372433204,0.6848585531207805
first_tag_20000u,1,69,0.5,0.1,0.4,0.05,601132.7620529204,0.7270005479151066
first_tag_20000u,1,70,0.5,0.1,0.4,0.1,587545.8158838945,0.710568708007327
first_tag_20000u,1,71,0.5,0.1,0.4,0.2,571333.5848244599,0.690961889668423
first_tag_20000u,1,72,0.5,0.2,0.1,0.05,613174.8829304763,0.7415641003093318
first_tag_20000u,1,73,0.5,0.2,0.1,0.1,594225.4749761351,0.7186469831014359
first_tag_20000u,1,74,0.5,0.2,0.1,0.2,580208.3836810298,0.7016949324148016
first_tag_20000u,1,75,0.5,0.2,0.25,0.05,594825.6504882954,0.7193728259663227
first_tag_20000u,1,76,0.5,0.2,0.25,0.1,580449.2008008945,0.7019861728680604
first_tag_20000u,1,77,0.5,0.2,0.25,0.2,567045.2381320124,0.6857756303395981
first_tag_20000u,1,78,0.5,0.2,0.4,0.05,609216.6434224331,0.7367770674394226
first_tag_20000u,1,79,0.5,0.2,0.4,0.1,593872.8653617296,0.7182205425560938
first_tag_20000u,1,80,0.5,0.2,0.4,0.2,574899.7197754941,0.6952747174279468
first_tag_20000u,2,0,0.1,0.05,0.1,0.05,760821.0459820218,0.9228001576552474
first_tag_20000u,2,1,0.1,0.05,0.1,0.1,760129.0279192427,0.9219608086640421
first_tag_20000u,2,2,0.1,0.05,0.1,0.2,769473.3778321423,0.933294574492877
first_tag_20000u,2,3,0.1,0.05,0.25,0.05,626476.6509934746,0.7598537860607113
first_tag_20000u,2,4,0.1,0.05,0.25,0.1,627856.469684875,0.7615273687155081
first_tag_20000u,2,5,0.1,0.05,0.25,0.2,634955.3581642905,0.7701376134538438
first_tag_20000u,2,6,0.1,0.05,0.4,0.05,571327.6411099231,0.6929635294309352
first_tag_20000u,2,7,0.1,0.05,0.4,0.1,572091.5312286553,0.6938900520681835
first_tag_20000u,2,8,0.1,0.05,0.4,0.2,575533.9770941553,0.6980653960655394
first_tag_20000u,2,9,0.1,0.1,0.1,0.05,749193.0000846114,0.9086964960333442
first_tag_20000u,2,10,0.1,0.1,0.1,0.1,748176.4397926633,0.9074635096397241
first_tag_20000u,2,11,0.1,0.1,0.1,0.2,757341.9044663872,0.9185803054888441
first_tag_20000u,2,12,0.1,0.1,0.25,0.05,621658.3621380246,0.7540096815384728
first_tag_20000u,2,13,0.1,0.1,0.25,0.1,622443.5053677046,0.7549619820826768
first_tag_20000u,2,14,0.1,0.1,0.25,0.2,628856.6205680539,0.762740452130525
first_tag_20000u,2,15,0.1,0.1,0.4,0.05,571018.7349672792,0.6925888570442579
first_tag_20000u,2,16,0.1,0.1,0.4,0.1,571137.1894975358,0.692732530592424
first_tag_20000u,2,17,0.1,0.1,0.4,0.2,573751.5322805054,0.6959034680224937
first_tag_20000u,2,18,0.1,0.2,0.1,0.05,739677.2314605291,0.8971548163796489
first_tag_20000u,2,19,0.1,0.2,0.1,0.1,736964.5066517188,0.8938645513502235
first_tag_20000u,2,20,0.1,0.2,0.1,0.2,744061.530126894,0.9024725340241537
first_tag_20000u,2,21,0.1,0.2,0.25,0.05,619940.7954595452,0.7519264442120941
first_tag_20000u,2,22,0.1,0.2,0.25,0.1,618810.6867998291,0.7505557349567954
first_tag_20000u,2,23,0.1,0.2,0.25,0.2,622722.9898800445,0.7553009689619324
first_tag_20000u,2,24,0.1,0.2,0.4,0.05,575356.5162249138,0.6978501537046997
first_tag_20000u,2,25,0.1,0.2,0.4,0.1,573545.9460461156,0.6956541123947695
first_tag_20000u,2,26,0.1,0.2,0.4,0.2,573485.5940075571,0.6955809113825332
first_tag_20000u,2,27,0.3,0.05,0.1,0.05,646203.9608886532,0.7837810482960608
first_tag_20000u,2,28,0.3,0.05,0.1,0.1,637786.0341121297,0.7735709414680094
first_tag_20000u,2,29,0.3,0.05,0.1,0.2,637977.7385131333,0.7738034598143453
first_tag_20000u,2,30,0.3,0.05,0.25,0.05,583011.9345606919,0.7071354137332977
first_tag_20000u,2,31,0.3,0.05,0.25,0.1,579527.9200774543,0.7029096511424967
first_tag_20000u,2,32,0.3,0.05,0.25,0.2,581445.9193539729,0.7052359932489635
first_tag_20000u,2,33,0.3,0.05,0.4,0.05,567913.8036251597,0.6888228845502683
first_tag_20000u,2,34,0.3,0.05,0.4,0.1,564476.6264618769,0.6846539309639852
first_tag_20000u,2,35,0.3,0.05,0.4,0.2,562869.1018927797,0.6827041637570557
first_tag_20000u,2,36,0.3,0.1,0.1,0.05,637587.6796601915,0.7733303572721767
first_tag_20000u,2,37,0.3,0.1,0.1,0.1,629710.9928739088,0.7637767206495188
first_tag_20000u,2,38,0.3,0.1,0.1,0.2,630830.5022549368,0.7651345740353643
first_tag_20000u,2,39,0.3,0.1,0.25,0.05,580764.5814869434,0.7044095982715483
first_tag_20000u,2,40,0.3,0.1,0.25,0.1,577116.2699133938,0.6999845596727519
first_tag_20000u,2,41,0.3,0.1,0.25,0.2,578804.8343510283,0.7020326201693552
first_tag_20000u,2,42,0.3,0.1,0.4,0.05,569409.3653175122,0.6906368519382297
first_tag_20000u,2,43,0.3,0.1,0.4,0.1,565439.1941543666,0.685821429711653
first_tag_20000u,2,44,0.3,0.1,0.4,0.2,562988.3225595651,0.6828487665525308
first_tag_20000u,2,45,0.3,0.2,0.1,0.05,631688.3636670519,0.7661750744927673
first_tag_20000u,2,46,0.3,0.2,0.1,0.1,623020.1910180711,0.7556614443437253
first_tag_20000u,2,47,0.3,0.2,0.1,0.2,623462.9256996352,0.756198437419961
first_tag_20000u,2,48,0.3,0.2,0.25,0.05,582641.1399679333,0.7066856768201794
first_tag_20000u,2,49,0.3,0.2,0.25,0.1,577531.0703412744,0.7004876712812769
first_tag_20000u,2,50,0.3,0.2,0.25,0.2,577270.4948970873,0.7001716192185129
first_tag_20000u,2,51,0.3,0.2,0.4,0.05,576315.8020546573,0.6990136718797012
first_tag_20000u,2,52,0.3,0.2,0.4,0.1,570475.2278205915,0.6919296370038831
first_tag_20000u,2,53,0.3,0.2,0.4,0.2,565256.9704131273,0.6856004104614205
first_tag_20000u,2,54,0.5,0.05,0.1,0.05,622142.1208446932,0.7545964326715261
first_tag_20000u,2,55,0.5,0.05,0.1,0.1,602254.0265742245,0.7304741550016671
first_tag_20000u,2,56,0.5,0.05,0.1,0.2,586817.7646892981,0.7117515066519075
first_tag_20000u,2,57,0.5,0.05,0.25,0.05,591008.7669120675,0.7168347749609659
first_tag_20000u,2,58,0.5,0.05,0.25,0.1,577619.9968257651,0.7005955302506642
first_tag_20000u,2,59,0.5,0.05,0.25,0.2,565733.2200971167,0.686178053897797
first_tag_20000u,2,60,0.5,0.05,0.4,0.05,597716.2821750212,0.7249703229650821
first_tag_20000u,2,61,0.5,0.05,0.4,0.1,584545.4198756043,0.7089953786985631
first_tag_20000u,2,62,0.5,0.05,0.4,0.2,569049.3570482606,0.6902001977613019
first_tag_20000u,2,63,0.5,0.1,0.1,0.05,615498.0658194263,0.7465378556156396
first_tag_20000u,2,64,0.5,0.1,0.1,0.1,596691.8736716287,0.7237278174725928
first_tag_20000u,2,65,0.5,0.1,0.1,0.2,582573.9789175033,0.7066042171546609
first_tag_20000u,2,66,0.5,0.1,0.25,0.05,590064.2418730017,0.7156891601550107
first_tag_20000u,2,67,0.5,0.1,0.25,0.1,576790.4338276297,0.699589352951144
first_tag_20000u,2,68,0.5,0.1,0.25,0.2,564873.0914962867,0.6851348035662749
first_tag_20000u,2,69,0.5,0.1,0.4,0.05,600102.5903656259,0.7278646771448639
first_tag_20000u,2,70,0.5,0.1,0.4,0.1,586504.2062794912,0.7113711915284864
first_tag_20000u,2,71,0.5,0.1,0.4,0.2,570171.7620037076,0.6915615631905437
first_tag_20000u,2,72,0.5,0.2,0.1,0.05,611510.8223141271,0.7417017263382866
first_tag_20000u,2,73,0.5,0.2,0.1,0.1,592638.644103804,0.7188116536730312
first_tag_20000u,2,74,0.5,0.2,0.1,0.2,578612.3622872022,0.7017991707244681
first_tag_20000u,2,75,0.5,0.2,0.25,0.05,593504.0247686867,0.7198612742351895
first_tag_20000u,2,76,0.5,0.2,0.25,0.1,579151.6908158929,0.7024533225173661
first_tag_20000u,2,77,0.5,0.2,0.25,0.2,565663.4689011753,0.6860934526437291
first_tag_20000u,2,78,0.5,0.2,0.4,0.05,608182.9256089719,0.7376653190643345
first_tag_20000u,2,79,0.5,0.2,0.4,0.1,592836.4395252287,0.7190515598205255
first_tag_20000u,2,80,0.5,0.2,0.4,0.2,573757.3636492438,0.6959105408920201
first_tag_20000u,3,0,0.1,0.05,0.1,0.05,761859.0216736232,0.9226155561829384
first_tag_20000u,3,1,0.1,0.05,0.1,0.1,761206.6330389513,0.9218255098805359
first_tag_20000u,3,2,0.1,0.05,0.1,0.2,770695.2445507831,0.9333162717384992
first_tag_20000u,3,3,0.1,0.05,0.25,0.05,627440.4594947292,0.7598339220775154
first_tag_20000u,3,4,0.1,0.05,0.25,0.1,628840.5052430703,0.7615293853457061
first_tag_20000u,3,5,0.1,0.05,0.25,0.2,636042.1495230483,0.7702506170352745
first_tag_20000u,3,6,0.1,0.05,0.4,0.05,572095.5961706386,0.692810981605598
first_tag_20000u,3,7,0.1,0.05,0.4,0.1,572871.9688384214,0.6937511732687722
first_tag_20000u,3,8,0.1,0.05,0.4,0.2,576390.5923351566,0.6980122460946966
first_tag_20000u,3,9,0.1,0.1,0.1,0.05,750167.6858634249,0.9084572828223999
first_tag_20000u,3,10,0.1,0.1,0.1,0.1,749204.9119727401,0.9072913582308905
first_tag_20000u,3,11,0.1,0.1,0.1,0.2,758523.6108479075,0.9185763549311029
first_tag_20000u,3,12,0.1,0.1,0.25,0.05,622532.0699912737,0.753889834808266
first_tag_20000u,3,13,0.1,0.1,0.25,0.1,623344.9715771327,0.754874263196489
first_tag_20000u,3,14,0.1,0.1,0.25,0.2,629871.378930076,0.7627777791732174
first_tag_20000u,3,15,0.1,0.1,0.4,0.05,571699.1308793442,0.6923308599100758
first_tag_20000u,3,16,0.1,0.1,0.4,0.1,571836.1520534696,0.6924967933218726
first_tag_20000u,3,17,0.1,0.1,0.4,0.2,574537.0886660117,0.6957676427364025
first_tag_20000u,3,18,0.1,0.2,0.1,0.05,740559.3819720352,0.8968215728202324
first_tag_20000u,3,19,0.1,0.2,0.1,0.1,737913.2054650906,0.8936170382012819
first_tag_20000u,3,20,0.1,0.2,0.1,0.2,745172.3374983659,0.9024078878831209
first_tag_20000u,3,21,0.1,0.2,0.25,0.05,620677.1578152045,0.751643525740172
first_tag_20000u,3,22,0.1,0.2,0.25,0.1,619585.5855269813,0.750321625565517
first_tag_20000u,3,23,0.1,0.2,0.25,0.2,623623.4449736285,0.7552114960444057
first_tag_20000u,3,24,0.1,0.2,0.4,0.05,575900.7546798455,0.6974190499416847
first_tag_20000u,3,25,0.1,0.2,0.4,0.1,574117.864672872,0.695259960125063
first_tag_20000u,3,26,0.1,0.2,0.4,0.2,574159.026561006,0.6953098074028846
first_tag_20000u,3,27,0.3,0.05,0.1,0.05,646739.337922674,0.7832049722954297
first_tag_20000u,3,28,0.3,0.05,0.1,0.1,638360.3933502556,0.7730580233363877
first_tag_20000u,3,29,0.3,0.05,0.1,0.2,638704.9668577681,0.7734753037901668
first_tag_20000u,3,30,0.3,0.05,0.25,0.05,583601.4642039177,0.7067446524461316
first_tag_20000u,3,31,0.3,0.05,0.25,0.1,580133.5264129528,0.7025449602947016
first_tag_20000u,3,32,0.3,0.05,0.25,0.2,582168.088434153,0.7050088263347135
first_tag_20000u,3,33,0.3,0.05,0.4,0.05,568423.3326648199,0.6883638498653603
first_tag_20000u,3,34,0.3,0.05,0.4,0.1,564997.3452703645,0.6842149598798253
first_tag_20000u,3,35,0.3,0.05,0.4,0.2,563488.4195954782,0.6823876424087849
first_tag_20000u,3,36,0.3,0.1,0.1,0.05,638081.0999358452,0.7727197974421687
first_tag_20000u,3,37,0.3,0.1,0.1,0.1,630257.2016577128,0.763245012664349
first_tag_20000u,3,38,0.3,0.1,0.1,0.2,631537.622494221,0.7647956094921297
first_tag_20000u,3,39,0.3,0.1,0.25,0.05,581293.2924345899,0.7039494434637061
first_tag_20000u,3,40,0.3,0.1,0.25,0.1,577670.4328687532,0.6995621401723905
first_tag_20000u,3,41,0.3,0.1,0.25,0.2,579487.4819686348,0.701762596842466
first_tag_20000u,3,42,0.3,0.1,0.4,0.05,569855.5649658357,0.6900982912296982
first_tag_20000u,3,43,0.3,0.1,0.4,0.1,565905.3988051254,0.6853146178128335
first_tag_20000u,3,44,0.3,0.1,0.4,0.2,563562.7252064751,0.6824776269212303
first_tag_20000u,3,45,0.3,0.2,0.1,0.05,632119.4203013835,0.7655001699057637
first_tag_20000u,3,46,0.3,0.2,0.1,0.1,623516.6067072626,0.7550821143035054
first_tag_20000u,3,47,0.3,0.2,0.1,0.2,624129.763605186,0.7558246507522598
first_tag_20000u,3,48,0.3,0.2,0.25,0.05,583070.4024650018,0.7061015336962335
first_tag_20000u,3,49,0.3,0.2,0.25,0.1,577999.7889410153,0.6999609922265734
first_tag_20000u,3,50,0.3,0.2,0.25,0.2,577882.9620969315,0.6998195142619302
first_tag_20000u,3,51,0.3,0.2,0.4,0.05,576657.4354269167,0.6983353945782269
first_tag_20000u,3,52,0.3,0.2,0.4,0.1,570848.5452515013,0.6913007959352612
first_tag_20000u,3,53,0.3,0.2,0.4,0.2,565753.1988909758,0.685130302861577
first_tag_20000u,3,54,0.5,0.05,0.1,0.05,622404.7228219457,0.7537356166706376
first_tag_20000u,3,55,0.5,0.05,0.1,0.1,602558.8266864651,0.7297021249351688
first_tag_20000u,3,56,0.5,0.05,0.1,0.2,587285.9428270132,0.7112065767620291
first_tag_20000u,3,57,0.5,0.05,0.25,0.05,591370.1877664742,0.7161526203333586
first_tag_20000u,3,58,0.5,0.05,0.25,0.1,577996.544986828,0.6999570637798247
first_tag_20000u,3,59,0.5,0.05,0.25,0.2,566235.7177776643,0.6857146359446623
first_tag_20000u,3,60,0.5,0.05,0.4,0.05,598048.5581081945,0.7242401643433861
first_tag_20000u,3,61,0.5,0.05,0.4,0.1,584886.6780974928,0.7083010536929529
first_tag_20000u,3,62,0.5,0.05,0.4,0.2,569501.152569372,0.6896690958261141
first_tag_20000u,3,63,0.5,0.1,0.1,0.05,615728.7418208093,0.7456509661654831
first_tag_20000u,3,64,0.5,0.1,0.1,0.1,596976.5146621057,0.7229419137062896
first_tag_20000u,3,65,0.5,0.1,0.1,0.2,583028.2402021779,0.7060504749590413
first_tag_20000u,3,66,0.5,0.1,0.25,0.05,590378.678449974,0.7149518969797205
first_tag_20000u,3,67,0.5,0.1,0.25,0.1,577128.3537596365,0.6989056793252719
first_tag_20000u,3,68,0.5,0.1,0.25,0.2,565348.4320698747,0.6846401279668121
first_tag_20000u,3,69,0.5,0.1,0.4,0.05,600384.4777368048,0.7270689761393199
first_tag_20000u,3,70,0.5,0.1,0.4,0.1,586804.6041118873,0.7106236728733376
first_tag_20000u,3,71,0.5,0.1,0.4,0.2,570591.3313639178,0.6909893084720957
first_tag_20000u,3,72,0.5,0.2,0.1,0.05,611691.694829322,0.7407620795743582
first_tag_20000u,3,73,0.5,0.2,0.1,0.1,592884.076248061,0.7179859477911996
first_tag_20000u,3,74,0.5,0.2,0.1,0.2,579035.9128074562,0.7012157440508818
first_tag_20000u,3,75,0.5,0.2,0.25,0.05,593736.3391813565,0.7190180429923422
first_tag_20000u,3,76,0.5,0.2,0.25,0.1,579422.3541065662,0.7016837266355432
first_tag_20000u,3,77,0.5,0.2,0.25,0.2,566087.0935471003,0.6855346511663198
first_tag_20000u,3,78,0.5,0.2,0.4,0.05,608377.1447623293,0.7367481408185542
first_tag_20000u,3,79,0.5,0.2,0.4,0.1,593062.2635611206,0.7182017336285611
first_tag_20000u,3,80,0.5,0.2,0.4,0.2,574117.6715242345,0.6952597262209776
first_tag_20000u,4,0,0.1,0.05,0.1,0.05,761604.7260523533,0.9225031051343633
first_tag_20000u,4,1,0.1,0.05,0.1,0.1,760893.8899054229,0.9216420960960082
first_tag_20000u,4,2,0.1,0.05,0.1,0.2,770215.7730475519,0.9329333418697673
first_tag_20000u,4,3,0.1,0.05,0.25,0.05,627235.2076512176,0.7597463709384468
first_tag_20000u,4,4,0.1,0.05,0.25,0.1,628598.6485594573,0.761397855532086
first_tag_20000u,4,5,0.1,0.05,0.25,0.2,635677.3265830531,0.7699719914764114
first_tag_20000u,4,6,0.1,0.05,0.4,0.05,572106.7260038445,0.692971318524252
first_tag_20000u,4,7,0.1,0.05,0.4,0.1,572862.4639091835,0.6938867153705355
first_tag_20000u,4,8,0.1,0.05,0.4,0.2,576291.2077469468,0.6980398235759453
first_tag_20000u,4,9,0.1,0.1,0.1,0.05,749999.787080441,0.9084464798663263
first_tag_20000u,4,10,0.1,0.1,0.1,0.1,748966.6294916179,0.9071950550114378
first_tag_20000u,4,11,0.1,0.1,0.1,0.2,758108.2954559207,0.9182680105088159
first_tag_20000u,4,12,0.1,0.1,0.25,0.05,622433.1002951544,0.7539297592557451
first_tag_20000u,4,13,0.1,0.1,0.25,0.1,623199.4876954353,0.7548580554339472
first_tag_20000u,4,14,0.1,0.1,0.25,0.2,629591.0333445661,0.762599893826276
first_tag_20000u,4,15,0.1,0.1,0.4,0.05,571818.3954776892,0.6926220746230723
first_tag_20000u,4,16,0.1,0.1,0.4,0.1,571926.6582854463,0.6927532092824438
first_tag_20000u,4,17,0.1,0.1,0.4,0.2,574521.6855058759,0.6958964679662007
first_tag_20000u,4,18,0.1,0.2,0.1,0.05,740551.716429939,0.8970023879187958
first_tag_20000u,4,19,0.1,0.2,0.1,0.1,737817.5279662246,0.8936905684650576
first_tag_20000u,4,20,0.1,0.2,0.1,0.2,744883.4537265433,0.9022492580734187
first_tag_20000u,4,21,0.1,0.2,0.25,0.05,620766.4351966265,0.7519109906267998
first_tag_20000u,4,22,0.1,0.2,0.25,0.1,619612.2049126505,0.7505129149786521
first_tag_20000u,4,23,0.1,0.2,0.25,0.2,623492.986894007,0.7552135599532537
first_tag_20000u,4,24,0.1,0.2,0.4,0.05,576213.150625679,0.6979452759263782
first_tag_20000u,4,25,0.1,0.2,0.4,0.1,574384.320475213,0.695730082880882
first_tag_20000u,4,26,0.1,0.2,0.4,0.2,574289.3840811227,0.6956150900042063
first_tag_20000u,4,27,0.3,0.05,0.1,0.05,647010.4029598004,0.7836993198275167
first_tag_20000u,4,28,0.3,0.05,0.1,0.1,638573.6671920725,0.773480219713382
first_tag_20000u,4,29,0.3,0.05,0.1,0.2,638727.00943854,0.7736659573981358
first_tag_20000u,4,30,0.3,0.05,0.25,0.05,583786.456819667,0.707118536334438
first_tag_20000u,4,31,0.3,0.05,0.25,0.1,580288.8200704018,0.7028819807414158
first_tag_20000u,4,32,0.3,0.05,0.25,0.2,582184.2300436948,0.7051778194173766
first_tag_20000u,4,33,0.3,0.05,0.4,0.05,568727.6185065258,0.6888783329475775
first_tag_20000u,4,34,0.3,0.05,0.4,0.1,565284.1463826352,0.6847073849241874
first_tag_20000u,4,35,0.3,0.05,0.4,0.2,563659.3898008163,0.6827393785022939
first_tag_20000u,4,36,0.3,0.1,0.1,0.05,638419.9720884336,0.7732940546260332
first_tag_20000u,4,37,0.3,0.1,0.1,0.1,630525.2432362925,0.763731467064315
first_tag_20000u,4,38,0.3,0.1,0.1,0.2,631602.6651370254,0.7650365076122088
first_tag_20000u,4,39,0.3,0.1,0.25,0.05,581560.1749979608,0.7044219250567304
first_tag_20000u,4,40,0.3,0.1,0.25,0.1,577895.9453374501,0.6999835817480333
first_tag_20000u,4,41,0.3,0.1,0.25,0.2,579559.3508219584,0.7019984021293487
first_tag_20000u,4,42,0.3,0.1,0.4,0.05,570245.6462229189,0.690717062716642
first_tag_20000u,4,43,0.3,0.1,0.4,0.1,566267.3290877105,0.6858982770855945
first_tag_20000u,4,44,0.3,0.1,0.4,0.2,563792.5220729673,0.6829006366067301
first_tag_20000u,4,45,0.3,0.2,0.1,0.05,632591.3369973906,0.7662340485805709
first_tag_20000u,4,46,0.3,0.2,0.1,0.1,623896.6966354547,0.7557025583500847
first_tag_20000u,4,47,0.3,0.2,0.1,0.2,624285.8855279698,0.7561739681897924
first_tag_20000u,4,48,0.3,0.2,0.25,0.05,583493.3273296667,0.7067634796291923
first_tag_20000u,4,49,0.3,0.2,0.25,0.1,578361.942118692,0.7005480260890059
first_tag_20000u,4,50,0.3,0.2,0.25,0.2,578063.4163905793,0.7001864331238811
first_tag_20000u,4,51,0.3,0.2,0.4,0.05,577212.3522540068,0.6991555712058805
first_tag_20000u,4,52,0.3,0.2,0.4,0.1,571354.8166313085,0.6920605590354821
first_tag_20000u,4,53,0.3,0.2,0.4,0.2,566095.0272506628,0.6856895743632246
first_tag_20000u,4,54,0.5,0.05,0.1,0.05,623027.0073209808,0.7546491364559443
first_tag_20000u,4,55,0.5,0.05,0.1,0.1,603109.2141309022,0.7305234641265311
first_tag_20000u,4,56,0.5,0.05,0.1,0.2,587611.765646667,0.7117519887675612
first_tag_20000u,4,57,0.5,0.05,0.25,0.05,591852.6232910808,0.7168887798241015
first_tag_20000u,4,58,0.5,0.05,0.25,0.1,578450.7828559913,0.7006556355263132
first_tag_20000u,4,59,0.5,0.05,0.25,0.2,566528.6510348031,0.686214806512719
first_tag_20000u,4,60,0.5,0.05,0.4,0.05,598603.003356078,0.7250652608224205
first_tag_20000u,4,61,0.5,0.05,0.4,0.1,585425.8955560817,0.709104326696926
first_tag_20000u,4,62,0.5,0.05,0.4,0.2,569899.7781854924,0.6902981257962444
first_tag_20000u,4,63,0.5,0.1,0.1,0.05,616408.7648233902,0.746632708713688
first_tag_20000u,4,64,0.5,0.1,0.1,0.1,597571.765345798,0.7238161610806858
first_tag_20000u,4,65,0.5,0.1,0.1,0.2,583386.6710011056,0.706634290837534
first_tag_20000u,4,66,0.5,0.1,0.25,0.05,590931.150916166,0.7157726350601888
first_tag_20000u,4,67,0.5,0.1,0.25,0.1,577640.6394030163,0.6996743392903412
first_tag_20000u,4,68,0.5,0.1,0.25,0.2,565683.6412217013,0.6851912779685935
first_tag_20000u,4,69,0.5,0.1,0.4,0.05,601012.8815924093,0.7279842555187042
first_tag_20000u,4,70,0.5,0.1,0.4,0.1,587405.8703649591,0.7115025955715755
first_tag_20000u,4,71,0.5,0.1,0.4,0.2,571035.1647801009,0.6916733767935476
first_tag_20000u,4,72,0.5,0.2,0.1,0.05,612490.12199349,0.741886204319955
first_tag_20000u,4,73,0.5,0.2,0.1,0.1,593575.9885154895,0.7189762271788968
first_tag_20000u,4,74,0.5,0.2,0.1,0.2,579466.8782946537,0.7018863936416647
first_tag_20000u,4,75,0.5,0.2,0.25,0.05,594429.4882746766,0.7200100392747889
first_tag_20000u,4,76,0.5,0.2,0.25,0.1,580053.1418605046,0.7025965126068238
first_tag_20000u,4,77,0.5,0.2,0.25,0.2,566508.8241288399,0.6861907909286625
first_tag_20000u,4,78,0.5,0.2,0.4,0.05,609155.0911676406,0.7378466071544912
first_tag_20000u,4,79,0.5,0.2,0.4,0.1,593789.3806119972,0.7192347009841472
first_tag_20000u,4,80,0.5,0.2,0.4,0.2,574651.3157685205,0.696053484218488
single_tag_10000u,0,0,0.1,0.05,0.1,0.05,1027420.342372338,0.9449385465234033
single_tag_10000u,0,1,0.1,0.05,0.1,0.1,1008197.4906077856,0.9272589144806028
single_tag_10000u,0,2,0.1,0.05,0.1,0.2,1001886.59983056,0.9214546650294678
single_tag_10000u,0,3,0.1,0.05,0.25,0.05,849076.2498552722,0.7809120029424331
single_tag_10000u,0,4,0.1,0.05,0.25,0.1,844378.793857414,0.7765916609558958
single_tag_10000u,0,5,0.1,0.05,0.25,0.2,848355.9537494407,0.7802495325520384
single_tag_10000u,0,6,0.1,0.05,0.4,0.05,757949.8701767313,0.6971012925524159
single_tag_10000u,0,7,0.1,0.05,0.4,0.1,756878.4366527814,0.6961158742235557
single_tag_10000u,0,8,0.1,0.05,0.4,0.2,760815.1059787221,0.6997365058555987
single_tag_10000u,0,9,0.1,0.1,0.1,0.05,998184.0922019233,0.9180493964818183
single_tag_10000u,0,10,0.1,0.1,0.1,0.1,977973.8648844678,0.8994616558671371
single_tag_10000u,0,11,0.1,0.1,0.1,0.2,971368.9081534834,0.8933869482174763
single_tag_10000u,0,12,0.1,0.1,0.25,0.05,834620.2788182592,0.7676165641653906
single_tag_10000u,0,13,0.1,0.1,0.25,0.1,828051.7071753237,0.7615753205915302
single_tag_10000u,0,14,0.1,0.1,0.25,0.2,830137.8096705083,0.7634939497819421
single_tag_10000u,0,15,0.1,0.1,0.4,0.05,754320.4607950491,0.693763253889539
single_tag_10000u,0,16,0.1,0.1,0.4,0.1,751349.286467476,0.6910306068562111
single_tag_10000u,0,17,0.1,0.1,0.4,0.2,753086.100600904,0.6926279887213912
single_tag_10000u,0,18,0.1,0.2,0.1,0.05,972919.3010142389,0.8948128747988011
single_tag_10000u,0,19,0.1,0.2,0.1,0.1,948442.454099717,0.8723010408463231
single_tag_10000u,0,20,0.1,0.2,0.1,0.2,937529.848751512,0.8622645046680475
single_tag_10000u,0,21,0.1,0.2,0.25,0.05,826365.6209269167,0.7600245941525307
single_tag_10000u,0,22,0.1,0.2,0.25,0.1,814539.9688707128,0.7491483110921051
single_tag_10000u,0,23,0.1,0.2,0.25,0.2,810430.6918812386,0.7453689288222058
single_tag_10000u,0,24,0.1,0.2,0.4,0.05,760002.6308070036,0.698989256578757
single_tag_10000u,0,25,0.1,0.2,0.4,0.1,751781.343903166,0.6914279785145849
single_tag_10000u,0,26,0.1,0.2,0.4,0.2,746871.3549908105,0.6869121658574457
single_tag_10000u,0,27,0.3,0.05,0.1,0.05,921052.63413663,0.8471100887130456
single_tag_10000u,0,28,0.3,0.05,0.1,0.1,886261.7613357815,0.81511224379905
single_tag_10000u,0,29,0.3,0.05,0.1,0.2,860672.387609663,0.791577197218826
single_tag_10000u,0,30,0.3,0.05,0.25,0.05,802488.4014442209,0.7380642492552304
single_tag_10000u,0,31,0.3,0.05,0.25,0.1,787580.6662296541,0.7243533141446002
single_tag_10000u,0,32,0.3,0.05,0.25,0.2,779390.3180351832,0.7168204910154286
single_tag_10000u,0,33,0.3,0.05,0.4,0.05,748538.7696267527,0.688445719649948
single_tag_10000u,0,34,0.3,0.05,0.4,0.1,740480.131034779,0.6810340324134719
single_tag_10000u,0,35,0.3,0.05,0.4,0.2,736259.2868614557,0.6771520396265347
single_tag_10000u,0,36,0.3,0.1,0.1,0.05,898097.7567109412,0.8259980398118449
single_tag_10000u,0,37,0.3,0.1,0.1,0.1,864350.9509514384,0.7949604437384009
single_tag_10000u,0,38,0.3,0.1,0.1,0.2,841082.4516809563,0.7735599507039131
single_tag_10000u,0,39,0.3,0.1,0.25,0.05,793214.873891215,0.7295352049238242
single_tag_10000u,0,40,0.3,0.1,0.25,0.1,777650.6386088112,0.7152204738843905
single_tag_10000u,0,41,0.3,0.1,0.25,0.2,769056.2914716034,0.7073160850405812
single_tag_10000u,0,42,0.3,0.1,0.4,0.05,748553.262617946,0.6884590491368856
single_tag_10000u,0,43,0.3,0.1,0.4,0.1,739070.0928319092,0.679737192751055
single_tag_10000u,0,44,0.3,0.1,0.4,0.2,733009.6322776269,0.6741632688649437
single_tag_10000u,0,45,0.3,0.2,0.1,0.05,879683.0973033608,0.8090617180575531
single_tag_10000u,0,46,0.3,0.2,0.1,0.1,843725.2793895294,0.7759906109416542
single_tag_10000u,0,47,0.3,0.2,0.1,0.2,819259.499566256,0.7534889556090529
single_tag_10000u,0,48,0.3,0.2,0.25,0.05,791581.49710001,0.728032956401625
single_tag_10000u,0,49,0.3,0.2,0.25,0.1,771996.1917463137,0.7100199687169487
single_tag_10000u,0,50,0.3,0.2,0.25,0.2,758937.7647984339,0.6980098785220051
single_tag_10000u,0,51,0.3,0.2,0.4,0.05,759033.0386456469,0.6980975037392548
single_tag_10000u,0,52,0.3,0.2,0.4,0.1,744685.1401082478,0.6849014613499347
single_tag_10000u,0,53,0.3,0.2,0.4,0.2,732292.0330395025,0.6735032788364282
single_tag_10000u,0,54,0.5,0.05,0.1,0.05,894104.092125099,0.8223249885265901
single_tag_10000u,0,55,0.5,0.05,0.1,0.1,843295.8114387618,0.7755956208831163
single_tag_10000u,0,56,0.5,0.05,0.1,0.2,797685.6818262549,0.7336470942622884
single_tag_10000u,0,57,0.5,0.05,0.25,0.05,805401.0162213232,0.7407430379267712
single_tag_10000u,0,58,0.5,0.05,0.25,0.1,777011.8745380823,0.7146329900983753
single_tag_10000u,0,59,0.5,0.05,0.25,0.2,751214.6716787682,0.6909067990070415
single_tag_10000u,0,60,0.5,0.05,0.4,0.05,771928.0158536462,0.7099572660175099
single_tag_10000u,0,61,0.5,0.05,0.4,0.1,752198.9996240288,0.6918121046346771
single_tag_10000u,0,62,0.5,0.05,0.4,0.2,732286.8367551608,0.6734984997122757
single_tag_10000u,0,63,0.5,0.1,0.1,0.05,875440.7573788554,0.8051599552086065
single_tag_10000u,0,64,0.5,0.1,0.1,0.1,826883.2611387415,0.7605006779608913
single_tag_10000u,0,65,0.5,0.1,0.1,0.2,784579.3757131861,0.7215929686644074
single_tag_10000u,0,66,0.5,0.1,0.25,0.05,798992.8184318254,0.7348492933167895
single_tag_10000u,0,67,0.5,0.1,0.25,0.1,770705.1873892163,0.7088326068063073
single_tag_10000u,0,68,0.5,0.1,0.25,0.2,745202.370791636,0.6853771685069973
single_tag_10000u,0,69,0.5,0.1,0.4,0.05,773849.6983847135,0.7117246749570615
single_tag_10000u,0,70,0.5,0.1,0.4,0.1,753061.0204213193,0.6926049219906035
single_tag_10000u,0,71,0.5,0.1,0.4,0.2,731566.6131441259,0.6728360959967606
single_tag_10000u,0,72,0.5,0.2,0.1,0.05,860924.7091323931,0.7918092622491861
single_tag_10000u,0,73,0.5,0.2,0.1,0.1,811680.5535478187,0.7465184509971771
single_tag_10000u,0,74,0.5,0.2,0.1,0.2,769921.8621954405,0.7081121673332552
single_tag_10000u,0,75,0.5,0.2,0.25,0.05,800445.8259148762,0.7361856526650493
single_tag_10000u,0,76,0.5,0.2,0.25,0.1,769103.0219950819,0.7073590640153132
single_tag_10000u,0,77,0.5,0.2,0.25,0.2,740285.8600150319,0.6808553575639866
single_tag_10000u,0,78,0.5,0.2,0.4,0.05,786586.5961839469,0.7234390485169955
single_tag_10000u,0,79,0.5,0.2,0.4,0.1,761355.0884519757,0.7002331382779684
single_tag_10000u,0,80,0.5,0.2,0.4,0.2,733939.8988458267,0.6750188531886921
single_tag_10000u,1,0,0.1,0.05,0.1,0.05,1023912.2849781597,0.9451335161407923
single_tag_10000u,1,1,0.1,0.05,0.1,0.1,1004758.6327022705,0.927453526372103
single_tag_10000u,1,2,0.1,0.05,0.1,0.2,998523.2652114526,0.9216979017082653
single_tag_10000u,1,3,0.1,0.05,0.25,0.05,846089.1734641192,0.7809919337981738
single_tag_10000u,1,4,0.1,0.05,0.25,0.1,841409.4944302505,0.7766723045051382
single_tag_10000u,1,5,0.1,0.05,0.25,0.2,845355.6137379988,0.7803148134105986
single_tag_10000u,1,6,0.1,0.05,0.4,0.05,755245.317150364,0.6971375113078335
single_tag_10000u,1,7,0.1,0.05,0.4,0.1,754155.7857073514,0.6961318073048754
single_tag_10000u,1,8,0.1,0.05,0.4,0.2,758065.6847897512,0.6997408827322524
single_tag_10000u,1,9,0.1,0.1,0.1,0.05,994736.4757470045,0.9182024639701635
single_tag_10000u,1,10,0.1,0.1,0.1,0.1,974615.8133787126,0.8996298648811398
single_tag_10000u,1,11,0.1,0.1,0.1,0.2,968109.2894574264,0.89362394628655
single_tag_10000u,1,12,0.1,0.1,0.25,0.05,831675.6533987232,0.7676873752932779
single_tag_10000u,1,13,0.1,0.1,0.25,0.1,825125.9652827888,0.7616416135132338
single_tag_10000u,1,14,0.1,0.1,0.25,0.2,827196.4875345391,0.7635528318907788
single_tag_10000u,1,15,0.1,0.1,0.4,0.05,751621.7570014577,0.6937927441879073
single_tag_10000u,1,16,0.1,0.1,0.4,0.1,748640.3700214656,0.6910407420870277
single_tag_10000u,1,17,0.1,0.1,0.4,0.2,750355.1618373011,0.6926235995662546
single_tag_10000u,1,18,0.1,0.2,0.1,0.05,969466.0498782004,0.8948763189417663
single_tag_10000u,1,19,0.1,0.2,0.1,0.1,945124.7016435602,0.8724077692601853
single_tag_10000u,1,20,0.1,0.2,0.1,0.2,934377.9100598753,0.8624878248804408
single_tag_10000u,1,21,0.1,0.2,0.25,0.05,823380.2013547878,0.7600301668846209
single_tag_10000u,1,22,0.1,0.2,0.25,0.1,811593.1998378388,0.7491500452649174
single_tag_10000u,1,23,0.1,0.2,0.25,0.2,807522.7913304918,0.7453928098443459
single_tag_10000u,1,24,0.1,0.2,0.4,0.05,757219.2447935574,0.6989595669676684
single_tag_10000u,1,25,0.1,0.2,0.4,0.1,749011.7986750358,0.6913835933981161
single_tag_10000u,1,26,0.1,0.2,0.4,0.2,744117.6976774856,0.6868660395489976
single_tag_10000u,1,27,0.3,0.05,0.1,0.05,917734.8119621576,0.8471252298072627
single_tag_10000u,1,28,0.3,0.05,0.1,0.1,883056.424101552,0.8151149618051676
single_tag_10000u,1,29,0.3,0.05,0.1,0.2,857634.0624136553,0.7916485707449245
single_tag_10000u,1,30,0.3,0.05,0.25,0.05,799692.2534545371,0.7381647455808796
single_tag_10000u,1,31,0.3,0.05,0.25,0.1,784822.233265014,0.7244388096066782
single_tag_10000u,1,32,0.3,0.05,0.25,0.2,776625.8868845195,0.716873081772609
single_tag_10000u,1,33,0.3,0.05,0.4,0.05,745963.1372917735,0.6885694929180668
single_tag_10000u,1,34,0.3,0.05,0.4,0.1,737892.8871714065,0.6811201596262402
single_tag_10000u,1,35,0.3,0.05,0.4,0.2,733649.8983315837,0.6772036220282823
single_tag_10000u,1,36,0.3,0.1,0.1,0.05,894816.1354895078,0.8259698929706206
single_tag_10000u,1,37,0.3,0.1,0.1,0.1,861193.6506544931,0.7949342878902639
single_tag_10000u,1,38,0.3,0.1,0.1,0.2,838102.2266090601,0.7736194945032271
single_tag_10000u,1,39,0.3,0.1,0.25,0.05,790428.4562271556,0.7296136954813908
single_tag_10000u,1,40,0.3,0.1,0.25,0.1,774896.3307756382,0.7152765959500128
single_tag_10000u,1,41,0.3,0.1,0.25,0.2,766308.8507208546,0.7073498278683702
single_tag_10000u,1,42,0.3,0.1,0.4,0.05,745957.8972629599,0.6885646560517356
single_tag_10000u,1,43,0.3,0.1,0.4,0.1,736467.8285007233,0.6798047435189333
single_tag_10000u,1,44,0.3,0.1,0.4,0.2,730389.2252753288,0.6741938218375273
single_tag_10000u,1,45,0.3,0.2,0.1,0.05,876369.7834584084,0.8089427844859366
single_tag_10000u,1,46,0.3,0.2,0.1,0.1,840580.4626630861,0.7759070575981639
single_tag_10000u,1,47,0.3,0.2,0.1,0.2,816340.7118186186,0.7535322885069844
single_tag_10000u,1,48,0.3,0.2,0.25,0.05,788715.9582714255,0.7280329553750078
single_tag_10000u,1,49,0.3,0.2,0.25,0.1,769176.2232267008,0.709996587652675
single_tag_10000u,1,50,0.3,0.2,0.25,0.2,756177.6293850061,0.6979980923882599
single_tag_10000u,1,51,0.3,0.2,0.4,0.05,756318.0972310798,0.6981277527812565
single_tag_10000u,1,52,0.3,0.2,0.4,0.1,741987.3057100505,0.6848995577707435
single_tag_10000u,1,53,0.3,0.2,0.4,0.2,729615.6215451718,0.6734797383908202
single_tag_10000u,1,54,0.5,0.05,0.1,0.05,890826.4683695309,0.8222871867772718
single_tag_10000u,1,55,0.5,0.05,0.1,0.1,840179.6694866037,0.7755371010406624
single_tag_10000u,1,56,0.5,0.05,0.1,0.2,794802.0462404459,0.7336507859314848
single_tag_10000u,1,57,0.5,0.05,0.25,0.05,802657.7654247319,0.7409020940790545
single_tag_10000u,1,58,0.5,0.05,0.25,0.1,774326.9943816644,0.7147510637185923
single_tag_10000u,1,59,0.5,0.05,0.25,0.2,748560.6776699993,0.6909671811839544
single_tag_10000u,1,60,0.5,0.05,0.4,0.05,769386.123559572,0.710190338467619
single_tag_10000u,1,61,0.5,0.05,0.4,0.1,749662.6376934728,0.6919843575250452
single_tag_10000u,1,62,0.5,0.05,0.4,0.2,729748.4519131415,0.673602348925503
single_tag_10000u,1,63,0.5,0.1,0.1,0.05,872180.7416909001,0.8050760433274688
single_tag_10000u,1,64,0.5,0.1,0.1,0.1,823793.3751120797,0.7604115514736481
single_tag_10000u,1,65,0.5,0.1,0.1,0.2,781729.0135213727,0.7215835790411359
single_tag_10000u,1,66,0.5,0.1,0.25,0.05,796239.3226968676,0.7349774798005335
single_tag_10000u,1,67,0.5,0.1,0.25,0.1,768002.0216403248,0.7089127279409877
single_tag_10000u,1,68,0.5,0.1,0.25,0.2,742545.2983190836,0.6854146189964884
single_tag_10000u,1,69,0.5,0.1,0.4,0.05,771272.1342366425,0.7119312414032027
single_tag_10000u,1,70,0.5,0.1,0.4,0.1,750492.1211953396,0.6927500214107137
single_tag_10000u,1,71,0.5,0.1,0.4,0.2,729000.7341917406,0.6729121598443909
single_tag_10000u,1,72,0.5,0.2,0.1,0.05,857620.7872416722,0.7916363169511591
single_tag_10000u,1,73,0.5,0.2,0.1,0.1,808586.7455336626,0.7463749044942573
single_tag_10000u,1,74,0.5,0.2,0.1,0.2,767103.494084184,0.7080833321802923
single_tag_10000u,1,75,0.5,0.2,0.25,0.05,797594.1905862441,0.7362281055337915
single_tag_10000u,1,76,0.5,0.2,0.25,0.1,766311.6889519666,0.7073524477288698
single_tag_10000u,1,77,0.5,0.2,0.25,0.2,737594.1290236034,0.6808443876261856
single_tag_10000u,1,78,0.5,0.2,0.4,0.05,783870.5600635139,0.7235603571724739
single_tag_10000u,1,79,0.5,0.2,0.4,0.1,758669.9332690801,0.7002986409487222
single_tag_10000u,1,80,0.5,0.2,0.4,0.2,731299.5265849049,0.6750340854910545
single_tag_10000u,2,0,0.1,0.05,0.1,0.05,1021436.827994445,0.9444613398721824
single_tag_10000u,2,1,0.1,0.05,0.1,0.1,1002357.4101038604,0.9268197470775462
single_tag_10000u,2,2,0.1,0.05,0.1,0.2,996207.3328474464,0.9211331396959473
single_tag_10000u,2,3,0.1,0.05,0.25,0.05,844301.9930315627,0.7806753875920365
single_tag_10000u,2,4,0.1,0.05,0.25,0.1,839682.6922505554,0.7764041973575225
single_tag_10000u,2,5,0.1,0.05,0.25,0.2,843708.9776729855,0.7801270618759703
single_tag_10000u,2,6,0.1,0.05,0.4,0.05,753747.9165616856,0.696945467101943
single_tag_10000u,2,7,0.1,0.05,0.4,0.1,752700.8022318829,0.6959772633170193
single_tag_10000u,2,8,0.1,0.05,0.4,0.2,756674.5826618942,0.6996515796197271
single_tag_10000u,2,9,0.1,0.1,0.1,0.05,992321.8733154805,0.9175404884276502
single_tag_10000u,2,10,0.1,0.1,0.1,0.1,972282.9474609074,0.8990116961974248
single_tag_10000u,2,11,0.1,0.1,0.1,0.2,965862.0295420403,0.8930746587080193
single_tag_10000u,2,12,0.1,0.1,0.25,0.05,829884.0874607925,0.7673440155087947
single_tag_10000u,2,13,0.1,0.1,0.25,0.1,823402.4286585457,0.7613508145695022
single_tag_10000u,2,14,0.1,0.1,0.25,0.2,825557.009609555,0.7633430262815557
single_tag_10000u,2,15,0.1,0.1,0.4,0.05,750080.5847361601,0.6935545054342572
single_tag_10000u,2,16,0.1,0.1,0.4,0.1,747154.0812343999,0.690848543261501
single_tag_10000u,2,17,0.1,0.1,0.4,0.2,748946.8201455516,0.6925061813529254
single_tag_10000u,2,18,0.1,0.2,0.1,0.05,967094.4101826226,0.8942141671329527
single_tag_10000u,2,19,0.1,0.2,0.1,0.1,942838.8436948123,0.8717865003437925
single_tag_10000u,2,20,0.1,0.2,0.1,0.2,932191.1112663676,0.8619411811225199
single_tag_10000u,2,21,0.1,0.2,0.25,0.05,821561.1660445312,0.759648309521879
single_tag_10000u,2,22,0.1,0.2,0.25,0.1,809850.2713779702,0.7488199479778773
single_tag_10000u,2,23,0.1,0.2,0.25,0.2,805873.6877154128,0.7451430396942519
single_tag_10000u,2,24,0.1,0.2,0.4,0.05,755603.9851109844,0.6986616623094404
single_tag_10000u,2,25,0.1,0.2,0.4,0.1,747470.2533626546,0.6911408886554575
single_tag_10000u,2,26,0.1,0.2,0.4,0.2,742672.6250374281,0.6867048096419869
single_tag_10000u,2,27,0.3,0.05,0.1,0.05,915239.9085301087,0.846267421169918
single_tag_10000u,2,28,0.3,0.05,0.1,0.1,880674.429620532,0.8143067970475616
single_tag_10000u,2,29,0.3,0.05,0.1,0.2,855416.3239152536,0.7909521424049643
single_tag_10000u,2,30,0.3,0.05,0.25,0.05,797739.7092177992,0.7376220378860134
single_tag_10000u,2,31,0.3,0.05,0.25,0.1,782963.1008415745,0.723958994843814
single_tag_10000u,2,32,0.3,0.05,0.25,0.2,774898.8895697056,0.7165025026025893
single_tag_10000u,2,33,0.3,0.05,0.4,0.05,744262.475029782,0.6881748485252751
single_tag_10000u,2,34,0.3,0.05,0.4,0.1,736267.6815931266,0.6807825427906066
single_tag_10000u,2,35,0.3,0.05,0.4,0.2,732142.4459199226,0.6769681849131325
single_tag_10000u,2,36,0.3,0.1,0.1,0.05,892381.4700760617,0.8251315948339084
single_tag_10000u,2,37,0.3,0.1,0.1,0.1,858878.242817515,0.7941531710690457
single_tag_10000u,2,38,0.3,0.1,0.1,0.2,835947.162341326,0.772950177014306
single_tag_10000u,2,39,0.3,0.1,0.25,0.05,788485.1424106997,0.7290648953129072
single_tag_10000u,2,40,0.3,0.1,0.25,0.1,773053.5269463772,0.7147962065223895
single_tag_10000u,2,41,0.3,0.1,0.25,0.2,764600.8848105366,0.706980555570435
single_tag_10000u,2,42,0.3,0.1,0.4,0.05,744231.6581805137,0.688146354034032
single_tag_10000u,2,43,0.3,0.1,0.4,0.1,734828.523090818,0.6794518392853809
single_tag_10000u,2,44,0.3,0.1,0.4,0.2,728878.5828271429,0.6739502865710307
single_tag_10000u,2,45,0.3,0.2,0.1,0.05,873983.8583019202,0.8081204272409299
single_tag_10000u,2,46,0.3,0.2,0.1,0.1,838317.7568889314,0.7751421235364626
single_tag_10000u,2,47,0.3,0.2,0.1,0.2,814250.3019813899,0.752888392237268
single_tag_10000u,2,48,0.3,0.2,0.25,0.05,786762.4016394481,0.7274719803009594
single_tag_10000u,2,49,0.3,0.2,0.25,0.1,767331.5814652203,0.7095054669017906
single_tag_10000u,2,50,0.3,0.2,0.25,0.2,754477.4923870348,0.6976200620868337
single_tag_10000u,2,51,0.3,0.2,0.4,0.05,754539.5995292052,0.6976774888342372
single_tag_10000u,2,52,0.3,0.2,0.4,0.1,740312.802762878,0.6845228235942957
single_tag_10000u,2,53,0.3,0.2,0.4,0.2,728087.015109318,0.6732183714032133
single_tag_10000u,2,54,0.5,0.05,0.1,0.05,888266.3078905242,0.8213265513059839
single_tag_10000u,2,55,0.5,0.05,0.1,0.1,837782.4933684954,0.7746471974795196
single_tag_10000u,2,56,0.5,0.05,0.1,0.2,792661.2221148604,0.7329262656147288
single_tag_10000u,2,57,0.5,0.05,0.25,0.05,800547.7002138792,0.7402184186565344
single_tag_10000u,2,58,0.5,0.05,0.25,0.1,772350.7562666212,0.71414639664709
single_tag_10000u,2,59,0.5,0.05,0.25,0.2,746780.2316941055,0.6905028670257711
single_tag_10000u,2,60,0.5,0.05,0.4,0.05,767484.7244664234,0.7096470690451089
single_tag_10000u,2,61,0.5,0.05,0.4,0.1,747874.2486668482,0.6915144388700605
single_tag_10000u,2,62,0.5,0.05,0.4,0.2,728140.4177768514,0.6732677496452633
single_tag_10000u,2,63,0.5,0.1,0.1,0.05,869677.2243762618,0.804138341284863
single_tag_10000u,2,64,0.5,0.1,0.1,0.1,821456.9984194324,0.7595519919699015
single_tag_10000u,2,65,0.5,0.1,0.1,0.2,779640.1246825964,0.7208864381966898
single_tag_10000u,2,66,0.5,0.1,0.25,0.05,794144.3101649435,0.7342975881366317
single_tag_10000u,2,67,0.5,0.1,0.25,0.1,766045.5519298735,0.7083163525632625
single_tag_10000u,2,68,0.5,0.1,0.25,0.2,740784.5651044798,0.6849590339217864
single_tag_10000u,2,69,0.5,0.1,0.4,0.05,769355.0320958934,0.7113764302755736
single_tag_10000u,2,70,0.5,0.1,0.4,0.1,748698.1189150941,0.6922762222493293
single_tag_10000u,2,71,0.5,0.1,0.4,0.2,727395.293060891,0.6725787775342912
single_tag_10000u,2,72,0.5,0.2,0.1,0.05,855164.8301069044,0.7907196011721702
single_tag_10000u,2,73,0.5,0.2,0.1,0.1,806302.3009941027,0.745539352672582
single_tag_10000u,2,74,0.5,0.2,0.1,0.2,765074.9796354441,0.7074189226052694
single_tag_10000u,2,75,0.5,0.2,0.25,0.05,795494.202099234,0.7355457522031711
single_tag_10000u,2,76,0.5,0.2,0.25,0.1,764359.5157688041,0.7067573761017586
single_tag_10000u,2,77,0.5,0.2,0.25,0.2,735847.8412670782,0.6803943416351317
single_tag_10000u,2,78,0.5,0.2,0.4,0.05,781911.5940620011,0.7229867296241719
single_tag_10000u,2,79,0.5,0.2,0.4,0.1,756851.710258123,0.6998153588787843
single_tag_10000u,2,80,0.5,0.2,0.4,0.2,729687.6412247557,0.6746983743208572
single_tag_10000u,3,0,0.1,0.05,0.1,0.05,1021776.1293036935,0.9440775988414438
single_tag_10000u,3,1,0.1,0.05,0.1,0.1,1002841.2361738229,0.926582564530406
single_tag_10000u,3,2,0.1,0.05,0.1,0.2,996973.5985314819,0.92116111740771
single_tag_10000u,3,3,0.1,0.05,0.25,0.05,844654.195530529,0.7804244803714762
single_tag_10000u,3,4,0.1,0.05,0.25,0.1,840078.4702242668,0.7761967051903923
single_tag_10000u,3,5,0.1,0.05,0.25,0.2,844292.6248256568,0.7800904044490921
single_tag_10000u,3,6,0.1,0.05,0.4,0.05,753944.7353860697,0.6966128049277139
single_tag_10000u,3,7,0.1,0.05,0.4,0.1,752926.8682572403,0.6956723390787224
single_tag_10000u,3,8,0.1,0.05,0.4,0.2,757029.8066440657,0.6994632792948224
single_tag_10000u,3,9,0.1,0.1,0.1,0.05,992707.0922946004,0.9172190474688654
single_tag_10000u,3,10,0.1,0.1,0.1,0.1,972831.3358304151,0.8988546955333268
single_tag_10000u,3,11,0.1,0.1,0.1,0.2,966699.3822988363,0.8931890317932223
single_tag_10000u,3,12,0.1,0.1,0.25,0.05,830167.3522708269,0.7670392545796658
single_tag_10000u,3,13,0.1,0.1,0.25,0.1,823753.1486355988,0.7611128037723321
single_tag_10000u,3,14,0.1,0.1,0.25,0.2,826117.7676909958,0.7632976110074701
single_tag_10000u,3,15,0.1,0.1,0.4,0.05,750187.3587545954,0.6931411490468875
single_tag_10000u,3,16,0.1,0.1,0.4,0.1,747298.0593541597,0.6904715595330317
single_tag_10000u,3,17,0.1,0.1,0.4,0.2,749242.1632794435,0.6922678287088745
single_tag_10000u,3,18,0.1,0.2,0.1,0.05,967565.6141402061,0.8939893930987832
single_tag_10000u,3,19,0.1,0.2,0.1,0.1,943501.8673834807,0.871755516610888
single_tag_10000u,3,20,0.1,0.2,0.1,0.2,933123.3574475351,0.8621662157269883
single_tag_10000u,3,21,0.1,0.2,0.25,0.05,821778.9531371254,0.759288731265263
single_tag_10000u,3,22,0.1,0.2,0.25,0.1,810174.0883026305,0.7485663307181925
single_tag_10000u,3,23,0.1,0.2,0.25,0.2,806433.9955032943,0.7451106443616834
single_tag_10000u,3,24,0.1,0.2,0.4,0.05,755593.2370716995,0.6981359502316818
single_tag_10000u,3,25,0.1,0.2,0.4,0.1,747523.736409717,0.6906800755147755
single_tag_10000u,3,26,0.1,0.2,0.4,0.2,742914.9930245811,0.686421793035931
single_tag_10000u,3,27,0.3,0.05,0.1,0.05,915063.856926021,0.8454800068798062
single_tag_10000u,3,28,0.3,0.05,0.1,0.1,880674.736497995,0.8137059251520556
single_tag_10000u,3,29,0.3,0.05,0.1,0.2,855712.7643878078,0.7906421267168817
single_tag_10000u,3,30,0.3,0.05,0.25,0.05,797627.3219934837,0.7369736533491918
single_tag_10000u,3,31,0.3,0.05,0.25,0.1,782918.7949538749,0.723383601192159
single_tag_10000u,3,32,0.3,0.05,0.25,0.2,775089.3898734228,0.7161495645605269
single_tag_10000u,3,33,0.3,0.05,0.4,0.05,744091.7390741754,0.6875090562368281
single_tag_10000u,3,34,0.3,0.05,0.4,0.1,736141.2194509343,0.6801631149291503
single_tag_10000u,3,35,0.3,0.05,0.4,0.2,732198.5177578114,0.6765202265892865
single_tag_10000u,3,36,0.3,0.1,0.1,0.05,892267.7525772812,0.8244173779542671
single_tag_10000u,3,37,0.3,0.1,0.1,0.1,858960.8396802269,0.7936432098651178
single_tag_10000u,3,38,0.3,0.1,0.1,0.2,836323.6929004167,0.7727274509590369
single_tag_10000u,3,39,0.3,0.1,0.25,0.05,788335.4196018158,0.7283883315286743
single_tag_10000u,3,40,0.3,0.1,0.25,0.1,772997.518270747,0.7142167643481314
single_tag_10000u,3,41,0.3,0.1,0.25,0.2,764801.7377167649,0.7066442123926384
single_tag_10000u,3,42,0.3,0.1,0.4,0.05,743995.3636996413,0.6874200094979505
single_tag_10000u,3,43,0.3,0.1,0.4,0.1,734649.3188726085,0.6787846623745228
single_tag_10000u,3,44,0.3,0.1,0.4,0.2,728905.9206403247,0.6734780071720572
single_tag_10000u,3,45,0.3,0.2,0.1,0.05,873979.0202935664,0.8075193687278921
single_tag_10000u,3,46,0.3,0.2,0.1,0.1,838530.7679715209,0.774766694266679
single_tag_10000u,3,47,0.3,0.2,0.1,0.2,814726.2661404437,0.7527723490419428
single_tag_10000u,3,48,0.3,0.2,0.25,0.05,786588.2741773002,0.7267740436138377
single_tag_10000u,3,49,0.3,0.2,0.25,0.1,767290.0823588157,0.7089433367970793
single_tag_10000u,3,50,0.3,0.2,0.25,0.2,754714.8512738015,0.6973243591882494
single_tag_10000u,3,51,0.3,0.2,0.4,0.05,754220.6226101485,0.6968677129653844
single_tag_10000u,3,52,0.3,0.2,0.4,0.1,740081.646487584,0.683803901583371
single_tag_10000u,3,53,0.3,0.2,0.4,0.2,728096.3995092215,0.6727300441459645
single_tag_10000u,3,54,0.5,0.05,0.1,0.05,887739.1520791057,0.8202331440875558
single_tag_10000u,3,55,0.5,0.05,0.1,0.1,837458.7254840524,0.773776172695075
single_tag_10000u,3,56,0.5,0.05,0.1,0.2,792653.3732828272,0.7323779367133794
single_tag_10000u,3,57,0.5,0.05,0.25,0.05,800072.8357736947,0.7392332038625989
single_tag_10000u,3,58,0.5,0.05,0.25,0.1,771976.3929396574,0.7132732880591051
single_tag_10000u,3,59,0.5,0.05,0.25,0.2,746688.2015803352,0.6899080769400889
single_tag_10000u,3,60,0.5,0.05,0.4,0.05,766987.2184044037,0.7086635034102376
single_tag_10000u,3,61,0.5,0.05,0.4,0.1,747444.5285454657,0.6906068908237779
single_tag_10000u,3,62,0.5,0.05,0.4,0.2,727951.1927388324,0.6725958792783453
single_tag_10000u,3,63,0.5,0.1,0.1,0.05,869219.2997120367,0.8031215897537162
single_tag_10000u,3,64,0.5,0.1,0.1,0.1,821218.0499940492,0.7587704806648513
single_tag_10000u,3,65,0.5,0.1,0.1,0.2,779703.7526040934,0.720413039075168
single_tag_10000u,3,66,0.5,0.1,0.25,0.05,793647.7244480891,0.7332966748142052
single_tag_10000u,3,67,0.5,0.1,0.25,0.1,765675.2987318587,0.7074513455423757
single_tag_10000u,3,68,0.5,0.1,0.25,0.2,740715.519756689,0.6843895734704939
single_tag_10000u,3,69,0.5,0.1,0.4,0.05,768805.2573359855,0.7103432939043626
single_tag_10000u,3,70,0.5,0.1,0.4,0.1,748232.4192712861,0.6913348682772039
single_tag_10000u,3,71,0.5,0.1,0.4,0.2,727193.6933883302,0.6718959821605359
single_tag_10000u,3,72,0.5,0.2,0.1,0.05,854819.9520478405,0.7898172061633875
single_tag_10000u,3,73,0.5,0.2,0.1,0.1,806188.095962609,0.7448834436654951
single_tag_10000u,3,74,0.5,0.2,0.1,0.2,765223.3962403772,0.7070338068987991
single_tag_10000u,3,75,0.5,0.2,0.25,0.05,794992.3892455146,0.7345390877819706
single_tag_10000u,3,76,0.5,0.2,0.25,0.1,764020.344021369,0.7059222379184432
single_tag_10000u,3,77,0.5,0.2,0.25,0.2,735824.1810207327,0.6798701849307474
single_tag_10000u,3,78,0.5,0.2,0.4,0.05,781298.8227903238,0.7218868159507602
single_tag_10000u,3,79,0.5,0.2,0.4,0.1,756356.1886060031,0.6988408849349701
single_tag_10000u,3,80,0.5,0.2,0.4,0.2,729485.2001703223,0.674013236770845
single_tag_10000u,4,0,0.1,0.05,0.1,0.05,1028067.5693539818,0.9439355387231281
single_tag_10000u,4,1,0.1,0.05,0.1,0.1,1008736.9013624873,0.9261867982236148
single_tag_10000u,4,2,0.1,0.05,0.1,0.2,1002429.8154203409,0.9203958534024352
single_tag_10000u,4,3,0.1,0.05,0.25,0.05,850019.5624791089,0.7804581114625622
single_tag_10000u,4,4,0.1,0.05,0.25,0.1,845288.6623616202,0.7761143651134257
single_tag_10000u,4,5,0.1,0.05,0.25,0.2,849323.9674037663,0.7798194404921422
single_tag_10000u,4,6,0.1,0.05,0.4,0.05,758905.3289906891,0.6968002220037196
single_tag_10000u,4,7,0.1,0.05,0.4,0.1,757818.130141747,0.6958019942006383
single_tag_10000u,4,8,0.1,0.05,0.4,0.2,761829.3918892867,0.6994849938705945
single_tag_10000u,4,9,0.1,0.1,0.1,0.05,998744.2369503236,0.9170118846806242
single_tag_10000u,4,10,0.1,0.1,0.1,0.1,978434.3476117022,0.8983640575282654
single_tag_10000u,4,11,0.1,0.1,0.1,0.2,971856.061085066,0.8923241058543716
single_tag_10000u,4,12,0.1,0.1,0.25,0.05,835449.5283663686,0.7670804178075954
single_tag_10000u,4,13,0.1,0.1,0.25,0.1,828847.2916066393,0.7610184758707548
single_tag_10000u,4,14,0.1,0.1,0.25,0.2,830991.4476831341,0.7629871646821764
single_tag_10000u,4,15,0.1,0.1,0.4,0.05,755183.6685640259,0.6933831240964348
single_tag_10000u,4,16,0.1,0.1,0.4,0.1,752190.1594269994,0.6906345891322326
single_tag_10000u,4,17,0.1,0.1,0.4,0.2,753999.0013829838,0.6922954042936913
single_tag_10000u,4,18,0.1,0.2,0.1,0.05,973401.1669833341,0.893742767829462
single_tag_10000u,4,19,0.1,0.2,0.1,0.1,948827.1067928314,0.8711797287491486
single_tag_10000u,4,20,0.1,0.2,0.1,0.2,937980.9010323174,0.8612211235145859
single_tag_10000u,4,21,0.1,0.2,0.25,0.05,827070.8400961633,0.7593874004788811
single_tag_10000u,4,22,0.1,0.2,0.25,0.1,815199.3417252158,0.7484874075754256
single_tag_10000u,4,23,0.1,0.2,0.25,0.2,811139.5743669092,0.744759871757073
single_tag_10000u,4,24,0.1,0.2,0.4,0.05,760745.8777905718,0.6984901492757716
single_tag_10000u,4,25,0.1,0.2,0.4,0.1,752496.4677856982,0.6909158307103183
single_tag_10000u,4,26,0.1,0.2,0.4,0.2,747647.9471534111,0.686464089335066
single_tag_10000u,4,27,0.3,0.05,0.1,0.05,921591.0834448994,0.8461725685799381
single_tag_10000u,4,28,0.3,0.05,0.1,0.1,886669.7053917814,0.8141089856130738
single_tag_10000u,4,29,0.3,0.05,0.1,0.2,861095.0796671987,0.7906272623970152
single_tag_10000u,4,30,0.3,0.05,0.25,0.05,803256.0250438424,0.7375214736214373
single_tag_10000u,4,31,0.3,0.05,0.25,0.1,788297.9856759474,0.7237875271670733
single_tag_10000u,4,32,0.3,0.05,0.25,0.2,780138.3342744283,0.7162956217990967
single_tag_10000u,4,33,0.3,0.05,0.4,0.05,749332.1125286275,0.6880104308384292
single_tag_10000u,4,34,0.3,0.05,0.4,0.1,741246.0488975965,0.680586091177075
single_tag_10000u,4,35,0.3,0.05,0.4,0.2,737095.9669144348,0.6767756316418301
single_tag_10000u,4,36,0.3,0.1,0.1,0.05,898579.8718706198,0.8250444822152563
single_tag_10000u,4,37,0.3,0.1,0.1,0.1,864718.7082836124,0.7939543509387891
single_tag_10000u,4,38,0.3,0.1,0.1,0.2,841487.6316628958,0.7726243922096425
single_tag_10000u,4,39,0.3,0.1,0.25,0.05,793909.8494789563,0.7289401434347597
single_tag_10000u,4,40,0.3,0.1,0.25,0.1,778298.3497256489,0.7146062126025924
single_tag_10000u,4,41,0.3,0.1,0.25,0.2,769745.0915820403,0.7067529113466268
single_tag_10000u,4,42,0.3,0.1,0.4,0.05,749288.1163934463,0.6879700351321527
single_tag_10000u,4,43,0.3,0.1,0.4,0.1,739776.5039920784,0.6792368066519929
single_tag_10000u,4,44,0.3,0.1,0.4,0.2,733787.4546273511,0.6737378718474589
single_tag_10000u,4,45,0.3,0.2,0.1,0.05,880119.3869222612,0.8080947132270477
single_tag_10000u,4,46,0.3,0.2,0.1,0.1,844059.9465366765,0.7749862013927428
single_tag_10000u,4,47,0.3,0.2,0.1,0.2,819664.8452590548,0.7525874761015957
single_tag_10000u,4,48,0.3,0.2,0.25,0.05,792200.9775172974,0.7273711172113656
single_tag_10000u,4,49,0.3,0.2,0.25,0.1,772558.2181465327,0.7093358253673648
single_tag_10000u,4,50,0.3,0.2,0.25,0.2,759544.9966190264,0.6973875423563475
single_tag_10000u,4,51,0.3,0.2,0.4,0.05,759689.925606423,0.6975206110629898
single_tag_10000u,4,52,0.3,0.2,0.4,0.1,745312.4501760212,0.6843197180279115
single_tag_10000u,4,53,0.3,0.2,0.4,0.2,732982.6535423964,0.6729989317540864
single_tag_10000u,4,54,0.5,0.05,0.1,0.05,894576.0539465528,0.8213683172026021
single_tag_10000u,4,55,0.5,0.05,0.1,0.1,843643.1896157722,0.7746035498235491
single_tag_10000u,4,56,0.5,0.05,0.1,0.2,798085.258492661,0.7327738573600199
single_tag_10000u,4,57,0.5,0.05,0.25,0.05,806077.4194811566,0.740111978912651
single_tag_10000u,4,58,0.5,0.05,0.25,0.1,777632.7618501124,0.7139950931892479
single_tag_10000u,4,59,0.5,0.05,0.25,0.2,751864.639406586,0.6903357080810317
single_tag_10000u,4,60,0.5,0.05,0.4,0.05,772625.7797766753,0.7093978580835468
single_tag_10000u,4,61,0.5,0.05,0.4,0.1,752869.2311190951,0.69125808891242
single_tag_10000u,4,62,0.5,0.05,0.4,0.2,733027.086384945,0.6730397284297315
single_tag_10000u,4,63,0.5,0.1,0.1,0.05,875870.0188415794,0.8041930926837679
single_tag_10000u,4,64,0.5,0.1,0.1,0.1,827206.6015162095,0.759512051847127
single_tag_10000u,4,65,0.5,0.1,0.1,0.2,784970.2906014568,0.7207321544109622
single_tag_10000u,4,66,0.5,0.1,0.25,0.05,799614.6378362102,0.734178079764849
single_tag_10000u,4,67,0.5,0.1,0.25,0.1,771275.4408236746,0.708158024277817
single_tag_10000u,4,68,0.5,0.1,0.25,0.2,745816.0181510457,0.6847820764583862
single_tag_10000u,4,69,0.5,0.1,0.4,0.05,774503.2722721953,0.7111217057595521
single_tag_10000u,4,70,0.5,0.1,0.4,0.1,753689.3523429293,0.6920110954193024
single_tag_10000u,4,71,0.5,0.1,0.4,0.2,732267.3751149939,0.6723421882210407
single_tag_10000u,4,72,0.5,0.2,0.1,0.05,861319.3546481387,0.7908331838084733
single_tag_10000u,4,73,0.5,0.2,0.1,0.1,811985.8245332988,0.7455368689414191
single_tag_10000u,4,74,0.5,0.2,0.1,0.2,770317.6712951855,0.7072786339315044
single_tag_10000u,4,75,0.5,0.2,0.25,0.05,801011.1558805164,0.735460313590508
single_tag_10000u,4,76,0.5,0.2,0.25,0.1,769607.3296620483,0.7066264231895838
single_tag_10000u,4,77,0.5,0.2,0.25,0.2,740845.4640354491,0.680218288224305
single_tag_10000u,4,78,0.5,0.2,0.4,0.05,787181.8522146476,0.7227627326190448
single_tag_10000u,4,79,0.5,0.2,0.4,0.1,761924.6207847407,0.6995724296981722
single_tag_10000u,4,80,0.5,0.2,0.4,0.2,734577.7046003243,0.6744634516208129
part_20000u,0,0,0.1,0.05,0.1,0.05,759333.1592381649,0.920745342197427
part_20000u,0,1,0.1,0.05,0.1,0.1,699292.0082126126,0.8479411857156868
part_20000u,0,2,0.1,0.05,0.1,0.2,635493.9038128078,0.77058145665278
part_20000u,0,3,0.1,0.05,0.25,0.05,638649.7406925708,0.7744081328257157
part_20000u,0,4,0.1,0.05,0.25,0.1,611929.4182212221,0.7420078456023957
part_20000u,0,5,0.1,0.05,0.25,0.2,581029.2852368015,0.7045392415087312
part_20000u,0,6,0.1,0.05,0.4,0.05,586203.2558452801,0.7108130480460391
part_20000u,0,7,0.1,0.05,0.4,0.1,574206.5951863445,0.696266245645469
part_20000u,0,8,0.1,0.05,0.4,0.2,559732.8140803238,0.6787157589121829
part_20000u,0,9,0.1,0.1,0.1,0.05,761693.7060834247,0.9236076727652011
part_20000u,0,10,0.1,0.1,0.1,0.1,697600.6221409008,0.845890260073313
part_20000u,0,11,0.1,0.1,0.1,0.2,629839.6646298802,0.7637252903863496
part_20000u,0,12,0.1,0.1,0.25,0.05,651760.8715071954,0.7903063093792309
part_20000u,0,13,0.1,0.1,0.25,0.1,620157.265641921,0.7519846944950745
part_20000u,0,14,0.1,0.1,0.25,0.2,583003.0351944464,0.7069325534009541
part_20000u,0,15,0.1,0.1,0.4,0.05,606485.0779713613,0.7354061966879368
part_20000u,0,16,0.1,0.1,0.4,0.1,590006.0664169446,0.7154242257333564
part_20000u,0,17,0.1,0.1,0.4,0.2,568469.6555844983,0.6893097992522055
part_20000u,0,18,0.1,0.2,0.1,0.05,781584.7818704173,0.9477270137413601
part_20000u,0,19,0.1,0.2,0.1,0.1,708573.2345696397,0.8591953313224537
part_20000u,0,20,0.1,0.2,0.1,0.2,631571.5980605694,0.7658253825789558
part_20000u,0,21,0.1,0.2,0.25,0.05,689108.6604048621,0.8355931538302233
part_20000u,0,22,0.1,0.2,0.25,0.1,646940.8160168612,0.7844616500385128
part_20000u,0,23,0.1,0.2,0.25,0.2,596231.5625601579,0.7229730816037923
part_20000u,0,24,0.1,0.2,0.4,0.05,655457.6377384345,0.7947889007782698
part_20000u,0,25,0.1,0.2,0.4,0.1,628425.4846227509,0.7620104967694089
part_20000u,0,26,0.1,0.2,0.4,0.2,590944.6055573033,0.7165622710451431
part_20000u,0,27,0.3,0.05,0.1,0.05,755256.6843071615,0.9158023270536241
part_20000u,0,28,0.3,0.05,0.1,0.1,690076.0684767938,0.8367662047702467
part_20000u,0,29,0.3,0.05,0.1,0.2,618829.8071621563,0.7503750568843187
part_20000u,0,30,0.3,0.05,0.25,0.05,642985.7849352844,0.7796658941804893
part_20000u,0,31,0.3,0.05,0.25,0.1,612757.7101208292,0.7430122083109968
part_20000u,0,32,0.3,0.05,0.25,0.2,576449.3399161937,0.6989857327883964
part_20000u,0,33,0.3,0.05,0.4,0.05,594979.7970244233,0.7214552270592769
part_20000u,0,34,0.3,0.05,0.4,0.1,580517.7275973257,0.7039189415678127
part_20000u,0,35,0.3,0.05,0.4,0.2,562158.5485028476,0.6816571340434725
part_20000u,0,36,0.3,0.1,0.1,0.05,758982.4945464397,0.9203201363735395
part_20000u,0,37,0.3,0.1,0.1,0.1,690387.5618407669,0.8371439125794136
part_20000u,0,38,0.3,0.1,0.1,0.2,616150.701511854,0.7471264511586769
part_20000u,0,39,0.3,0.1,0.25,0.05,657038.6050653565,0.7967059358566407
part_20000u,0,40,0.3,0.1,0.25,0.1,622377.935550785,0.7546774143510018
part_20000u,0,41,0.3,0.1,0.25,0.2,580519.604744464,0.703921217741931
part_20000u,0,42,0.3,0.1,0.4,0.05,615903.2525649415,0.746826401750154
part_20000u,0,43,0.3,0.1,0.4,0.1,597212.5778728946,0.7241626322889394
part_20000u,0,44,0.3,0.1,0.4,0.2,572181.3249903508,0.6938104618080776
part_20000u,0,45,0.3,0.2,0.1,0.05,779957.439530953,0.9457537456692457
part_20000u,0,46,0.3,0.2,0.1,0.1,702991.4867621663,0.8524270659931639
part_20000u,0,47,0.3,0.2,0.1,0.2,620464.7870226488,0.752357585992682
part_20000u,0,48,0.3,0.2,0.25,0.05,695213.6483315016,0.8429958849361117
part_20000u,0,49,0.3,0.2,0.25,0.1,650349.409300129,0.7885948112877371
part_20000u,0,50,0.3,0.2,0.25,0.2,595554.1534604465,0.7221516749975706
part_20000u,0,51,0.3,0.2,0.4,0.05,665419.2151290231,0.8068680202948282
part_20000u,0,52,0.3,0.2,0.4,0.1,636351.3103069845,0.7716211228734349
part_20000u,0,53,0.3,0.2,0.4,0.2,595567.017748527,0.7221672738597916
part_20000u,0,54,0.5,0.05,0.1,0.05,762049.6220706239,0.9240392461575129
part_20000u,0,55,0.5,0.05,0.1,0.1,692468.4740684893,0.8396671663289527
part_20000u,0,56,0.5,0.05,0.1,0.2,614894.1386236077,0.7456027794837936
part_20000u,0,57,0.5,0.05,0.25,0.05,655057.0245120522,0.794303128811477
part_20000u,0,58,0.5,0.05,0.25,0.1,621423.1806389276,0.7535197062655089
part_20000u,0,59,0.5,0.05,0.25,0.2,579688.5017649501,0.7029134463994525
part_20000u,0,60,0.5,0.05,0.4,0.05,610127.1632664482,0.7398224835714194
part_20000u,0,61,0.5,0.05,0.4,0.1,592858.6247789044,0.7188831551810785
part_20000u,0,62,0.5,0.05,0.4,0.2,569848.3135142949,0.6909815198295306
part_20000u,0,63,0.5,0.1,0.1,0.05,766743.2979469269,0.9297306612475984
part_20000u,0,64,0.5,0.1,0.1,0.1,694104.1160875192,0.841650498351533
part_20000u,0,65,0.5,0.1,0.1,0.2,613954.7411505511,0.7444636933826985
part_20000u,0,66,0.5,0.1,0.25,0.05,669697.7621288045,0.8120560621622135
part_20000u,0,67,0.5,0.1,0.25,0.1,631865.8517243088,0.7661821860281617
part_20000u,0,68,0.5,0.1,0.25,0.2,584894.9760346954,0.7092266659326919
part_20000u,0,69,0.5,0.1,0.4,0.05,631385.837959963,0.7656001352743721
part_20000u,0,70,0.5,0.1,0.4,0.1,610021.0867944681,0.7396938583213508
part_20000u,0,71,0.5,0.1,0.4,0.2,580503.5970480505,0.703901807274032
part_20000u,0,72,0.5,0.2,0.1,0.05,788369.9209233869,0.9559544763553354
part_20000u,0,73,0.5,0.2,0.1,0.1,707700.509644002,0.858137090416569
part_20000u,0,74,0.5,0.2,0.1,0.2,619750.2943612782,0.7514912129362868
part_20000u,0,75,0.5,0.2,0.25,0.05,708264.8587399566,0.8588214037448516
part_20000u,0,76,0.5,0.2,0.25,0.1,660403.2851781646,0.8007858492703531
part_20000u,0,77,0.5,0.2,0.25,0.2,600764.7346639801,0.7284698744794798
part_20000u,0,78,0.5,0.2,0.4,0.05,681070.7827519547,0.8258466567623322
part_20000u,0,79,0.5,0.2,0.4,0.1,649403.217186365,0.7874474862025976
part_20000u,0,80,0.5,0.2,0.4,0.2,604117.5676217997,0.7325354223770267
part_20000u,1,0,0.1,0.05,0.1,0.05,760332.841443451,0.9195346306521496
part_20000u,1,1,0.1,0.05,0.1,0.1,700113.0566034993,0.8467057659859437
part_20000u,1,2,0.1,0.05,0.1,0.2,636270.4419209124,0.7694955076462265
part_20000u,1,3,0.1,0.05,0.25,0.05,640026.4683299131,0.7740379871610708
part_20000u,1,4,0.1,0.05,0.25,0.1,612972.0874850597,0.7413188426736824
part_20000u,1,5,0.1,0.05,0.25,0.2,581906.9615765209,0.7037491659196956
part_20000u,1,6,0.1,0.05,0.4,0.05,587360.2332444752,0.710344267269676
part_20000u,1,7,0.1,0.05,0.4,0.1,575177.8809280875,0.6956111211695322
part_20000u,1,8,0.1,0.05,0.4,0.2,560585.1074693074,0.677962849490072
part_20000u,1,9,0.1,0.1,0.1,0.05,762638.0278920485,0.9223224870409007
part_20000u,1,10,0.1,0.1,0.1,0.1,698357.5495187863,0.844582683211189
part_20000u,1,11,0.1,0.1,0.1,0.2,630517.3365005212,0.7625377920518308
part_20000u,1,12,0.1,0.1,0.25,0.05,653051.6719725521,0.7897904644550479
part_20000u,1,13,0.1,0.1,0.25,0.1,621058.8459053641,0.7510988416581676
part_20000u,1,14,0.1,0.1,0.25,0.2,583789.8968809876,0.7060263583877305
part_20000u,1,15,0.1,0.1,0.4,0.05,607584.1761217114,0.7348027870524659
part_20000u,1,16,0.1,0.1,0.4,0.1,590861.9671982151,0.7145792094716745
part_20000u,1,17,0.1,0.1,0.4,0.2,569163.5607473028,0.6883374965348754
part_20000u,1,18,0.1,0.2,0.1,0.05,782398.3408541811,0.9462203000654048
part_20000u,1,19,0.1,0.2,0.1,0.1,709353.230129561,0.8578806871353688
part_20000u,1,20,0.1,0.2,0.1,0.2,632054.244241009,0.7643965042032261
part_20000u,1,21,0.1,0.2,0.25,0.05,690201.0158831907,0.8347182991741001
part_20000u,1,22,0.1,0.2,0.25,0.1,647578.0546322113,0.7831707573675226
part_20000u,1,23,0.1,0.2,0.25,0.2,596814.1109560699,0.7217776389142025
part_20000u,1,24,0.1,0.2,0.4,0.05,656401.0369677964,0.7938411340249356
part_20000u,1,25,0.1,0.2,0.4,0.1,629045.2972769561,0.7607575308688775
part_20000u,1,26,0.1,0.2,0.4,0.2,591389.8785998664,0.7152176572530605
part_20000u,1,27,0.3,0.05,0.1,0.05,756139.1487495151,0.9144628443867213
part_20000u,1,28,0.3,0.05,0.1,0.1,690805.3204272198,0.8354491356254632
part_20000u,1,29,0.3,0.05,0.1,0.2,619501.6437195889,0.7492155857224788
part_20000u,1,30,0.3,0.05,0.25,0.05,644254.0990270249,0.7791508175160273
part_20000u,1,31,0.3,0.05,0.25,0.1,613679.2617473109,0.742174088151191
part_20000u,1,32,0.3,0.05,0.25,0.2,577228.7795053826,0.6980914457892051
part_20000u,1,33,0.3,0.05,0.4,0.05,596060.9279342124,0.7208667511633823
part_20000u,1,34,0.3,0.05,0.4,0.1,581404.1176092243,0.7031410343008299
part_20000u,1,35,0.3,0.05,0.4,0.2,562911.9546870937,0.6807769020738447
part_20000u,1,36,0.3,0.1,0.1,0.05,759812.4466664849,0.9189052733589379
part_20000u,1,37,0.3,0.1,0.1,0.1,691045.0326881518,0.8357390398796322
part_20000u,1,38,0.3,0.1,0.1,0.2,616715.3626966882,0.7458459010901247
part_20000u,1,39,0.3,0.1,0.25,0.05,658225.5096672667,0.7960476227340875
part_20000u,1,40,0.3,0.1,0.25,0.1,623164.373497914,0.7536452337533291
part_20000u,1,41,0.3,0.1,0.25,0.2,581211.9893416055,0.7029086773829473
part_20000u,1,42,0.3,0.1,0.4,0.05,616934.1629794377,0.7461105147253884
part_20000u,1,43,0.3,0.1,0.4,0.1,597988.7935048471,0.7231982815916551
part_20000u,1,44,0.3,0.1,0.4,0.2,572792.207897982,0.6927259255696284
part_20000u,1,45,0.3,0.2,0.1,0.05,780665.3047211833,0.9441243933077306
part_20000u,1,46,0.3,0.2,0.1,0.1,703669.4537991715,0.8510068170566385
part_20000u,1,47,0.3,0.2,0.1,0.2,620831.5072378818,0.7508239018341303
part_20000u,1,48,0.3,0.2,0.25,0.05,696208.2420400061,0.84198334440727
part_20000u,1,49,0.3,0.2,0.25,0.1,650890.3076838804,0.7871765443340711
part_20000u,1,50,0.3,0.2,0.25,0.2,596055.9172209437,0.7208606912852293
part_20000u,1,51,0.3,0.2,0.4,0.05,666297.074621741,0.805809246978947
part_20000u,1,52,0.3,0.2,0.4,0.1,636896.6972448409,0.7702528910270223
part_20000u,1,53,0.3,0.2,0.4,0.2,595947.9131650798,0.7207300728715498
part_20000u,1,54,0.5,0.05,0.1,0.05,762883.927385356,0.9226198740370049
part_20000u,1,55,0.5,0.05,0.1,0.1,693161.3958016856,0.8382985362841734
part_20000u,1,56,0.5,0.05,0.1,0.2,615512.1659937379,0.7443907738411835
part_20000u,1,57,0.5,0.05,0.25,0.05,656271.0967197939,0.7936839863240326
part_20000u,1,58,0.5,0.05,0.25,0.1,622287.1991584204,0.7525843928448233
part_20000u,1,59,0.5,0.05,0.25,0.2,580426.4757499497,0.7019586895473513
part_20000u,1,60,0.5,0.05,0.4,0.05,611170.107929776,0.7391395568208381
part_20000u,1,61,0.5,0.05,0.4,0.1,593699.6909535404,0.7180111081389635
part_20000u,1,62,0.5,0.05,0.4,0.2,570545.7011184077,0.6900090354535949
part_20000u,1,63,0.5,0.1,0.1,0.05,767519.8159030207,0.9282264450062957
part_20000u,1,64,0.5,0.1,0.1,0.1,694712.8287496417,0.8401748149939974
part_20000u,1,65,0.5,0.1,0.1,0.2,614459.6816922266,0.7431179158101926
part_20000u,1,66,0.5,0.1,0.25,0.05,670826.6003505792,0.8112871844572093
part_20000u,1,67,0.5,0.1,0.25,0.1,632592.0471793558,0.7650469146541775
part_20000u,1,68,0.5,0.1,0.25,0.2,585541.2996685402,0.7081444774897779
part_20000u,1,69,0.5,0.1,0.4,0.05,632377.4161753224,0.7647873432792969
part_20000u,1,70,0.5,0.1,0.4,0.1,610749.3966346501,0.7386307551693925
part_20000u,1,71,0.5,0.1,0.4,0.2,581064.6714607729,0.7027305134450557
part_20000u,1,72,0.5,0.2,0.1,0.05,789018.5128744915,0.9542266324263654
part_20000u,1,73,0.5,0.2,0.1,0.1,708320.0459319635,0.8566311703477869
part_20000u,1,74,0.5,0.2,0.1,0.2,620051.3438475203,0.7498803844481885
part_20000u,1,75,0.5,0.2,0.25,0.05,709194.4318339388,0.8576886389636288
part_20000u,1,76,0.5,0.2,0.25,0.1,660887.6129116564,0.7992671287058939
part_20000u,1,77,0.5,0.2,0.25,0.2,601216.7971776447,0.7271021786788501
part_20000u,1,78,0.5,0.2,0.4,0.05,681902.2831536527,0.8246819417798179
part_20000u,1,79,0.5,0.2,0.4,0.1,649895.0040644194,0.785972839724429
part_20000u,1,80,0.5,0.2,0.4,0.2,604453.4460040057,0.7310165310793704
part_20000u,2,0,0.1,0.05,0.1,0.05,758093.3338233053,0.9194917144629948
part_20000u,2,1,0.1,0.05,0.1,0.1,698034.3852141914,0.8466461911460592
part_20000u,2,2,0.1,0.05,0.1,0.2,634376.6799267094,0.7694357343829483
part_20000u,2,3,0.1,0.05,0.25,0.05,638032.872217231,0.7738703315065811
part_20000u,2,4,0.1,0.05,0.25,0.1,611187.4763363156,0.7413095398696321
part_20000u,2,5,0.1,0.05,0.25,0.2,580260.6631435532,0.703798395506875
part_20000u,2,6,0.1,0.05,0.4,0.05,585736.2606271928,0.7104397499329179
part_20000u,2,7,0.1,0.05,0.4,0.1,573689.4653817246,0.6958281870555929
part_20000u,2,8,0.1,0.05,0.4,0.2,559161.0305287688,0.6782066424839822
part_20000u,2,9,0.1,0.1,0.1,0.05,760341.7362597621,0.9222188026972019
part_20000u,2,10,0.1,0.1,0.1,0.1,696236.4338008646,0.8444654551419271
part_20000u,2,11,0.1,0.1,0.1,0.2,628635.3785922697,0.7624721076476643
part_20000u,2,12,0.1,0.1,0.25,0.05,651028.6180824254,0.7896328769784534
part_20000u,2,13,0.1,0.1,0.25,0.1,619298.9560133567,0.7511479568854618
part_20000u,2,14,0.1,0.1,0.25,0.2,582136.6794747035,0.706073816481744
part_20000u,2,15,0.1,0.1,0.4,0.05,605952.4098914809,0.7349599256388721
part_20000u,2,16,0.1,0.1,0.4,0.1,589367.9922653052,0.7148446787212455
part_20000u,2,17,0.1,0.1,0.4,0.2,567769.1685046171,0.6886474565534428
part_20000u,2,18,0.1,0.2,0.1,0.05,780041.9520117838,0.9461132024352419
part_20000u,2,19,0.1,0.2,0.1,0.1,707240.162198539,0.8578118818132121
part_20000u,2,20,0.1,0.2,0.1,0.2,630223.5328023954,0.7643983805382796
part_20000u,2,21,0.1,0.2,0.25,0.05,688157.8209528615,0.8346669023164718
part_20000u,2,22,0.1,0.2,0.25,0.1,645836.3868133954,0.7833352175499356
part_20000u,2,23,0.1,0.2,0.25,0.2,595190.7820266266,0.7219071428028025
part_20000u,2,24,0.1,0.2,0.4,0.05,654735.5879285804,0.7941290622200691
part_20000u,2,25,0.1,0.2,0.4,0.1,627550.9921912882,0.7611568549386735
part_20000u,2,26,0.1,0.2,0.4,0.2,590036.946012808,0.7156560529950247
part_20000u,2,27,0.3,0.05,0.1,0.05,754081.2891903772,0.9146255038878034
part_20000u,2,28,0.3,0.05,0.1,0.1,688902.847408123,0.8355705452085861
part_20000u,2,29,0.3,0.05,0.1,0.2,617824.7234568867,0.7493598596151306
part_20000u,2,30,0.3,0.05,0.25,0.05,642396.6104164098,0.779163111352032
part_20000u,2,31,0.3,0.05,0.25,0.1,612071.771190566,0.7423821014598057
part_20000u,2,32,0.3,0.05,0.25,0.2,575746.3288797307,0.6983229576330621
part_20000u,2,33,0.3,0.05,0.4,0.05,594527.0611059159,0.7211021154267784
part_20000u,2,34,0.3,0.05,0.4,0.1,580029.3756571151,0.703517866820036
part_20000u,2,35,0.3,0.05,0.4,0.2,561628.3438984549,0.6811992478785825
part_20000u,2,36,0.3,0.1,0.1,0.05,757695.2771602633,0.9190089113736865
part_20000u,2,37,0.3,0.1,0.1,0.1,689108.2613871187,0.8358196919076725
part_20000u,2,38,0.3,0.1,0.1,0.2,615058.0426964134,0.7460041513898787
part_20000u,2,39,0.3,0.1,0.25,0.05,656331.0811256152,0.7960642365709063
part_20000u,2,40,0.3,0.1,0.25,0.1,621570.8947759231,0.7539035923392278
part_20000u,2,41,0.3,0.1,0.25,0.2,579714.9924962617,0.7031365513557336
part_20000u,2,42,0.3,0.1,0.4,0.05,615386.5074571887,0.7464025464324823
part_20000u,2,43,0.3,0.1,0.4,0.1,596602.5347873144,0.723619458303291
part_20000u,2,44,0.3,0.1,0.4,0.2,571522.4235070662,0.6931997810800469
part_20000u,2,45,0.3,0.2,0.1,0.05,778476.9312984287,0.9442149881723152
part_20000u,2,46,0.3,0.2,0.1,0.1,701744.8938130204,0.8511466685422397
part_20000u,2,47,0.3,0.2,0.1,0.2,619227.5813737533,0.7510613865559126
part_20000u,2,48,0.3,0.2,0.25,0.05,694293.9538021334,0.8421094203574823
part_20000u,2,49,0.3,0.2,0.25,0.1,649295.7442358418,0.7875310735816243
part_20000u,2,50,0.3,0.2,0.25,0.2,594580.7633676856,0.7211672509220294
part_20000u,2,51,0.3,0.2,0.4,0.05,664714.5559297068,0.8062325565875129
part_20000u,2,52,0.3,0.2,0.4,0.1,635509.7382208776,0.7708100212510796
part_20000u,2,53,0.3,0.2,0.4,0.2,594701.1293673236,0.7213132428921897
part_20000u,2,54,0.5,0.05,0.1,0.05,760947.6216616236,0.9229536813487739
part_20000u,2,55,0.5,0.05,0.1,0.1,691383.4563684453,0.8385792768305036
part_20000u,2,56,0.5,0.05,0.1,0.2,613978.2687739345,0.7446944931579493
part_20000u,2,57,0.5,0.05,0.25,0.05,654517.374121826,0.7938643906046624
part_20000u,2,58,0.5,0.05,0.25,0.1,620809.6437427785,0.7529802706499672
part_20000u,2,59,0.5,0.05,0.25,0.2,579058.0288222074,0.7023397198469409
part_20000u,2,60,0.5,0.05,0.4,0.05,609711.6590459701,0.7395195204749355
part_20000u,2,61,0.5,0.05,0.4,0.1,592422.6297195518,0.7185496497380763
part_20000u,2,62,0.5,0.05,0.4,0.2,569376.9233865415,0.6905975031068948
part_20000u,2,63,0.5,0.1,0.1,0.05,765528.9373754273,0.9285103610506475
part_20000u,2,64,0.5,0.1,0.1,0.1,692912.0311142249,0.8404332857644607
part_20000u,2,65,0.5,0.1,0.1,0.2,612954.110660788,0.743452291363892
part_20000u,2,66,0.5,0.1,0.25,0.05,669037.1812462122,0.8114754706007644
part_20000u,2,67,0.5,0.1,0.25,0.1,631126.959725233,0.7654941474222628
part_20000u,2,68,0.5,0.1,0.25,0.2,584162.5381664145,0.7085309813169848
part_20000u,2,69,0.5,0.1,0.4,0.05,630905.9784735106,0.7652261191717231
part_20000u,2,70,0.5,0.1,0.4,0.1,609461.8997042079,0.7392165872672237
part_20000u,2,71,0.5,0.1,0.4,0.2,579902.856497318,0.7033644116794038
part_20000u,2,72,0.5,0.2,0.1,0.05,786957.6120079911,0.9545012092713999
part_20000u,2,73,0.5,0.2,0.1,0.1,706544.4732430022,0.8569680803946804
part_20000u,2,74,0.5,0.2,0.1,0.2,618605.8180391906,0.7503072495532774
part_20000u,2,75,0.5,0.2,0.25,0.05,707396.9771385918,0.8580020827180999
part_20000u,2,76,0.5,0.2,0.25,0.1,659415.6350373481,0.7998054932712508
part_20000u,2,77,0.5,0.2,0.25,0.2,599868.1167418386,0.7275802839907318
part_20000u,2,78,0.5,0.2,0.4,0.05,680402.6979747936,0.8252607104864866
part_20000u,2,79,0.5,0.2,0.4,0.1,648615.7346373285,0.7867062896616354
part_20000u,2,80,0.5,0.2,0.4,0.2,603308.4547461905,0.7317530713624395
part_20000u,3,0,0.1,0.05,0.1,0.05,758792.9323500359,0.9189025047835157
part_20000u,3,1,0.1,0.05,0.1,0.1,698785.2330587319,0.8462328437545193
part_20000u,3,2,0.1,0.05,0.1,0.2,635373.0332602704,0.769440313481242
part_20000u,3,3,0.1,0.05,0.25,0.05,638777.8623010521,0.7735635805815879
part_20000u,3,4,0.1,0.05,0.25,0.1,611840.2182187014,0.7409419422334594
part_20000u,3,5,0.1,0.05,0.25,0.2,580902.9504118202,0.7034767370807743
part_20000u,3,6,0.1,0.05,0.4,0.05,586319.6395695835,0.7100363780875599
part_20000u,3,7,0.1,0.05,0.4,0.1,574229.9779771524,0.6953957299665187
part_20000u,3,8,0.1,0.05,0.4,0.2,559724.7083774818,0.6778297669752492
part_20000u,3,9,0.1,0.1,0.1,0.05,761058.1374905193,0.9216456809369784
part_20000u,3,10,0.1,0.1,0.1,0.1,697079.3778004891,0.8441670434514739
part_20000u,3,11,0.1,0.1,0.1,0.2,629682.8669572313,0.7625494901148413
part_20000u,3,12,0.1,0.1,0.25,0.05,651800.2315912712,0.7893337429655968
part_20000u,3,13,0.1,0.1,0.25,0.1,619924.9775121127,0.7507326311665771
part_20000u,3,14,0.1,0.1,0.25,0.2,582816.5848869758,0.7057941591830263
part_20000u,3,15,0.1,0.1,0.4,0.05,606533.3490544639,0.7345152938559193
part_20000u,3,16,0.1,0.1,0.4,0.1,589920.6263729648,0.7143971933406374
part_20000u,3,17,0.1,0.1,0.4,0.2,568320.5617924811,0.6882393937614817
part_20000u,3,18,0.1,0.2,0.1,0.05,780798.8803328619,0.9455518314435937
part_20000u,3,19,0.1,0.2,0.1,0.1,708234.4032539426,0.8576758419564312
part_20000u,3,20,0.1,0.2,0.1,0.2,631334.6661100525,0.7645498281704762
part_20000u,3,21,0.1,0.2,0.25,0.05,688931.2414925135,0.8342996045975991
part_20000u,3,22,0.1,0.2,0.25,0.1,646434.413560144,0.7828357071790157
part_20000u,3,23,0.1,0.2,0.25,0.2,595996.8328841762,0.7217555135683204
part_20000u,3,24,0.1,0.2,0.4,0.05,655339.0334144341,0.7936192518582083
part_20000u,3,25,0.1,0.2,0.4,0.1,628096.6212626407,0.7606285376654727
part_20000u,3,26,0.1,0.2,0.4,0.2,590611.2498910427,0.715233542301689
part_20000u,3,27,0.3,0.05,0.1,0.05,754642.9266853337,0.9138768246044053
part_20000u,3,28,0.3,0.05,0.1,0.1,689516.9997729902,0.835008961166671
part_20000u,3,29,0.3,0.05,0.1,0.2,618620.0097164807,0.7491523078333665
part_20000u,3,30,0.3,0.05,0.25,0.05,643021.4118799175,0.7787025429663794
part_20000u,3,31,0.3,0.05,0.25,0.1,612570.2712118009,0.7418260405103189
part_20000u,3,32,0.3,0.05,0.25,0.2,576254.5701949762,0.6978475225186206
part_20000u,3,33,0.3,0.05,0.4,0.05,595020.7840010768,0.7205735128864038
part_20000u,3,34,0.3,0.05,0.4,0.1,580452.7160018216,0.702931500680369
part_20000u,3,35,0.3,0.05,0.4,0.2,562060.0388431806,0.6806578652915867
part_20000u,3,36,0.3,0.1,0.1,0.05,758288.3652330964,0.918291471169706
part_20000u,3,37,0.3,0.1,0.1,0.1,689821.5588795628,0.8353777839560681
part_20000u,3,38,0.3,0.1,0.1,0.2,615910.3120972029,0.7458708487904511
part_20000u,3,39,0.3,0.1,0.25,0.05,656992.03407881,0.7956210449510875
part_20000u,3,40,0.3,0.1,0.25,0.1,622062.754919812,0.7533214916196134
part_20000u,3,41,0.3,0.1,0.25,0.2,580276.7134354514,0.7027183605835248
part_20000u,3,42,0.3,0.1,0.4,0.05,615879.8830734228,0.7458339990716707
part_20000u,3,43,0.3,0.1,0.4,0.1,597045.8569788166,0.7230258876414655
part_20000u,3,44,0.3,0.1,0.4,0.2,571960.5259705085,0.6926474108342721
part_20000u,3,45,0.3,0.2,0.1,0.05,779128.0986224391,0.9435285054040388
part_20000u,3,46,0.3,0.2,0.1,0.1,702610.1796981172,0.8508648756274428
part_20000u,3,47,0.3,0.2,0.1,0.2,620154.0621839189,0.7510100539913763
part_20000u,3,48,0.3,0.2,0.25,0.05,694959.4423324413,0.8415997896876106
part_20000u,3,49,0.3,0.2,0.25,0.1,649783.3106073685,0.7868912403208783
part_20000u,3,50,0.3,0.2,0.25,0.2,595273.5581367175,0.7208796237850192
part_20000u,3,51,0.3,0.2,0.4,0.05,665230.7765668757,0.8055982083981735
part_20000u,3,52,0.3,0.2,0.4,0.1,635951.1488782251,0.7701404147430551
part_20000u,3,53,0.3,0.2,0.4,0.2,595182.9377488956,0.720769881986165
part_20000u,3,54,0.5,0.05,0.1,0.05,761360.7656637605,0.9220121653552612
part_20000u,3,55,0.5,0.05,0.1,0.1,691852.1890340092,0.8378368884833477
part_20000u,3,56,0.5,0.05,0.1,0.2,614609.7569918731,0.7442958692499917
part_20000u,3,57,0.5,0.05,0.25,0.05,655003.4631564659,0.7932128743902174
part_20000u,3,58,0.5,0.05,0.25,0.1,621150.6949281655,0.7522169818448042
part_20000u,3,59,0.5,0.05,0.25,0.2,579435.5558192787,0.7016997139838194
part_20000u,3,60,0.5,0.05,0.4,0.05,610093.402136851,0.7388265381428635
part_20000u,3,61,0.5,0.05,0.4,0.1,592710.785735271,0.7177760920064802
part_20000u,3,62,0.5,0.05,0.4,0.2,569674.4300364719,0.6898789358124297
part_20000u,3,63,0.5,0.1,0.1,0.05,765980.1235856168,0.9276062337551066
part_20000u,3,64,0.5,0.1,0.1,0.1,693478.7142950875,0.8398066197140664
part_20000u,3,65,0.5,0.1,0.1,0.2,613639.53689821,0.7431209272648348
part_20000u,3,66,0.5,0.1,0.25,0.05,669565.5305362279,0.8108476198123279
part_20000u,3,67,0.5,0.1,0.25,0.1,631474.136787399,0.7647187279444377
part_20000u,3,68,0.5,0.1,0.25,0.2,584599.0912030346,0.7079527843477943
part_20000u,3,69,0.5,0.1,0.4,0.05,631287.3486558723,0.7644925264675841
part_20000u,3,70,0.5,0.1,0.4,0.1,609774.3311751797,0.7384401414153988
part_20000u,3,71,0.5,0.1,0.4,0.2,580217.821466917,0.7026470420787118
part_20000u,3,72,0.5,0.2,0.1,0.05,787478.1968553495,0.9536405212838469
part_20000u,3,73,0.5,0.2,0.1,0.1,707257.1842484326,0.8564924242497004
part_20000u,3,74,0.5,0.2,0.1,0.2,619367.6108245424,0.7500576569760492
part_20000u,3,75,0.5,0.2,0.25,0.05,707929.97848159,0.8573071818465293
part_20000u,3,76,0.5,0.2,0.25,0.1,659773.0117670492,0.7989888245580425
part_20000u,3,77,0.5,0.2,0.25,0.2,600431.7096939521,0.7271261743048247
part_20000u,3,78,0.5,0.2,0.4,0.05,680805.3636640483,0.8244591208874834
part_20000u,3,79,0.5,0.2,0.4,0.1,648928.1469849711,0.7858556323689342
part_20000u,3,80,0.5,0.2,0.4,0.2,603681.6123293464,0.7310618246577049
part_20000u,4,0,0.1,0.05,0.1,0.05,759811.1133864045,0.9203305697007631
part_20000u,4,1,0.1,0.05,0.1,0.1,699804.9849224363,0.847647407501876
part_20000u,4,2,0.1,0.05,0.1,0.2,636001.6170436209,0.7703647922910675
part_20000u,4,3,0.1,0.05,0.25,0.05,638939.5869817866,0.773923444565716
part_20000u,4,4,0.1,0.05,0.25,0.1,612291.7875884648,0.7416459693289786
part_20000u,4,5,0.1,0.05,0.25,0.2,581419.7437543626,0.7042518259832271
part_20000u,4,6,0.1,0.05,0.4,0.05,586545.6740791779,0.7104606722253649
part_20000u,4,7,0.1,0.05,0.4,0.1,574494.2310104715,0.6958632133704845
part_20000u,4,8,0.1,0.05,0.4,0.2,560097.5150392755,0.6784250138256818
part_20000u,4,9,0.1,0.1,0.1,0.05,762244.3858735395,0.9232779009714802
part_20000u,4,10,0.1,0.1,0.1,0.1,698154.4581306446,0.8456481865957408
part_20000u,4,11,0.1,0.1,0.1,0.2,630374.3365466045,0.7635486794777092
part_20000u,4,12,0.1,0.1,0.25,0.05,652114.0158591388,0.7898811338131614
part_20000u,4,13,0.1,0.1,0.25,0.1,620569.3612322538,0.7516722823600888
part_20000u,4,14,0.1,0.1,0.25,0.2,583437.8225247108,0.7066962487505354
part_20000u,4,15,0.1,0.1,0.4,0.05,606839.5283578912,0.7350418531803403
part_20000u,4,16,0.1,0.1,0.4,0.1,590322.2922761358,0.7150351475331259
part_20000u,4,17,0.1,0.1,0.4,0.2,568858.3153078747,0.689036641058007
part_20000u,4,18,0.1,0.2,0.1,0.05,782241.9041242921,0.9475001412626103
part_20000u,4,19,0.1,0.2,0.1,0.1,709386.2817344083,0.859252871278437
part_20000u,4,20,0.1,0.2,0.1,0.2,632157.7273759975,0.7657088335858785
part_20000u,4,21,0.1,0.2,0.25,0.05,689604.2166017634,0.835291601230356
part_20000u,4,22,0.1,0.2,0.25,0.1,647408.1198298687,0.784181059285075
part_20000u,4,23,0.1,0.2,0.25,0.2,596724.5968557498,0.7227900178125206
part_20000u,4,24,0.1,0.2,0.4,0.05,655834.4330510624,0.7943875349613455
part_20000u,4,25,0.1,0.2,0.4,0.1,628850.2500118848,0.76170261089032
part_20000u,4,26,0.1,0.2,0.4,0.2,591380.0138169216,0.716316325777384
part_20000u,4,27,0.3,0.05,0.1,0.05,755768.3213571743,0.9154336880601929
part_20000u,4,28,0.3,0.05,0.1,0.1,690637.887076835,0.8365436473250302
part_20000u,4,29,0.3,0.05,0.1,0.2,619371.1315134105,0.7502209118545159
part_20000u,4,30,0.3,0.05,0.25,0.05,643279.298294482,0.7791799733455453
part_20000u,4,31,0.3,0.05,0.25,0.1,613132.3929305914,0.7426641629033853
part_20000u,4,32,0.3,0.05,0.25,0.2,576871.5689274378,0.6987427932041373
part_20000u,4,33,0.3,0.05,0.4,0.05,595312.414814164,0.7210794949207702
part_20000u,4,34,0.3,0.05,0.4,0.1,580804.4115216878,0.703506497237338
part_20000u,4,35,0.3,0.05,0.4,0.2,562529.0027220864,0.6813701832301778
part_20000u,4,36,0.3,0.1,0.1,0.05,759555.1304254489,0.9200205071863574
part_20000u,4,37,0.3,0.1,0.1,0.1,690978.2459169738,0.8369559111623561
part_20000u,4,38,0.3,0.1,0.1,0.2,616712.169094683,0.7470002108743291
part_20000u,4,39,0.3,0.1,0.25,0.05,657388.6085464956,0.7962700491730053
part_20000u,4,40,0.3,0.1,0.25,0.1,622793.4502228402,0.7543662375440932
part_20000u,4,41,0.3,0.1,0.25,0.2,580973.6742868281,0.7037115188464279
part_20000u,4,42,0.3,0.1,0.4,0.05,616247.9131004473,0.746437875083059
part_20000u,4,43,0.3,0.1,0.4,0.1,597524.7219623345,0.7237591792030311
part_20000u,4,44,0.3,0.1,0.4,0.2,572572.9163319139,0.6935359973012033
part_20000u,4,45,0.3,0.2,0.1,0.05,780623.6888450012,0.9455400580739732
part_20000u,4,46,0.3,0.2,0.1,0.1,703830.3597671589,0.8525231923631835
part_20000u,4,47,0.3,0.2,0.1,0.2,621070.8320555462,0.7522796950714297
part_20000u,4,48,0.3,0.2,0.25,0.05,695700.3253176544,0.8426755879983944
part_20000u,4,49,0.3,0.2,0.25,0.1,650820.4404807737,0.788314274703118
part_20000u,4,50,0.3,0.2,0.25,0.2,596059.3597568271,0.7219842411827094
part_20000u,4,51,0.3,0.2,0.4,0.05,665783.3445833527,0.806438276595811
part_20000u,4,52,0.3,0.2,0.4,0.1,636766.504730478,0.7712912719229129
part_20000u,4,53,0.3,0.2,0.4,0.2,596001.0099473022,0.7219135642572263
part_20000u,4,54,0.5,0.05,0.1,0.05,762583.6676970202,0.9236888602591135
part_20000u,4,55,0.5,0.05,0.1,0.1,693062.3451061712,0.8394803019751705
part_20000u,4,56,0.5,0.05,0.1,0.2,615452.8257239739,0.7454748157051956
part_20000u,4,57,0.5,0.05,0.25,0.05,655352.9039808,0.7938042769439851
part_20000u,4,58,0.5,0.05,0.25,0.1,621816.2803673215,0.7531826285207719
part_20000u,4,59,0.5,0.05,0.25,0.2,580139.17791493,0.7027007248374547
part_20000u,4,60,0.5,0.05,0.4,0.05,610452.7396881083,0.7394183999080752
part_20000u,4,61,0.5,0.05,0.4,0.1,593150.4531463237,0.7184607922216655
part_20000u,4,62,0.5,0.05,0.4,0.2,570235.1679220388,0.6907043707456395
part_20000u,4,63,0.5,0.1,0.1,0.05,767327.0921109311,0.9294343915053339
part_20000u,4,64,0.5,0.1,0.1,0.1,694716.8108768719,0.8414842940180259
part_20000u,4,65,0.5,0.1,0.1,0.2,614529.6824283383,0.7443566470179792
part_20000u,4,66,0.5,0.1,0.25,0.05,670042.0071523709,0.8115966340865821
part_20000u,4,67,0.5,0.1,0.25,0.1,632291.0916759165,0.7658703727368066
part_20000u,4,68,0.5,0.1,0.25,0.2,585369.0619446257,0.709035486285029
part_20000u,4,69,0.5,0.1,0.4,0.05,631719.9363250136,0.7651785537830915
part_20000u,4,70,0.5,0.1,0.4,0.1,610333.5751081882,0.7392740603428941
part_20000u,4,71,0.5,0.1,0.4,0.2,580906.5629550257,0.7036302294191703
part_20000u,4,72,0.5,0.2,0.1,0.05,789033.4547115812,0.9557264905631537
part_20000u,4,73,0.5,0.2,0.1,0.1,708551.0769190233,0.8582412191585643
part_20000u,4,74,0.5,0.2,0.1,0.2,620360.9851044174,0.7514198842086731
part_20000u,4,75,0.5,0.2,0.25,0.05,708737.5559679609,0.8584670942034568
part_20000u,4,76,0.5,0.2,0.25,0.1,660877.9365383218,0.8004965406812403
part_20000u,4,77,0.5,0.2,0.25,0.2,601279.152020961,0.7283067788549465
part_20000u,4,78,0.5,0.2,0.4,0.05,681419.2702895164,0.8253774841954692
part_20000u,4,79,0.5,0.2,0.4,0.1,649811.1954869366,0.7870918142734383
part_20000u,4,80,0.5,0.2,0.4,0.2,604554.0460171506,0.7322735345447781
